,country,year,suicides_no,population,total,ratio
0,Albania,1987,73,2709600,2544.0,269.412459403602
1,Albania,1988,63,2764300,2544.0,227.90579893643962
2,Albania,1989,68,2803100,2544.0,242.58856266276626
3,Albania,1992,47,2822500,2544.0,166.51904340124003
4,Albania,1993,73,2807300,2544.0,260.03633384390696
5,Albania,1994,50,2849300,2544.0,175.48169725897586
6,Albania,1995,88,2903400,2544.0,303.09292553557896
7,Albania,1996,89,2940200,2544.0,302.7004965648596
8,Albania,1997,170,2977300,2544.0,570.9871359957008
9,Albania,1998,154,3012700,2544.0,511.16938294553063
10,Albania,1999,139,3029700,2544.0,458.7912994685943
11,Albania,2000,54,2796300,2544.0,193.1123270035404
12,Albania,2001,119,2799349,2544.0,425.09883547924886
13,Albania,2002,133,2818839,2544.0,471.8254572183796
14,Albania,2003,124,2843929,2544.0,436.0165109607167
15,Albania,2004,146,2874991,2544.0,507.82767667794445
16,Albania,2005,0,2783320,2544.0,0.0
17,Albania,2006,0,2780176,2544.0,0.0
18,Albania,2007,124,2770344,2544.0,447.59784344471296
19,Albania,2008,160,2757059,2544.0,580.3285312356392
20,Albania,2009,0,2745735,2544.0,0.0
21,Albania,2010,96,2736025,2544.0,350.8739868970495
22,Argentina,1985,1988,27090800,2525.1999999999994,733.8284583696311
23,Argentina,1986,2284,27244400,2525.1999999999994,838.3374198000323
24,Argentina,1987,2286,27599400,2525.1999999999994,828.2788756277309
25,Argentina,1988,2354,28308000,2525.1999999999994,831.567048184259
26,Argentina,1989,2247,28702000,2525.1999999999994,782.8722737091492
27,Argentina,1990,2140,29091100,2525.1999999999994,735.620172492618
28,Argentina,1991,1951,29623000,2525.1999999999994,658.6098639570604
29,Argentina,1992,2184,30045400,2525.1999999999994,726.8999580634639
30,Argentina,1993,2230,30477500,2525.1999999999994,731.687310310885
31,Argentina,1994,2241,30911200,2525.1999999999994,724.979942545097
32,Argentina,1995,2204,31345400,2525.1999999999994,703.1334741301755
33,Argentina,1996,2229,31780700,2525.1999999999994,701.369069907208
34,Argentina,1997,2184,32333781,2525.1999999999994,675.4545656135915
35,Argentina,1998,2347,32757259,2525.1999999999994,716.4824138674118
36,Argentina,1999,2423,33174862,2525.1999999999994,730.3722921289018
37,Argentina,2000,2774,33585533,2525.1999999999994,825.9508640223158
38,Argentina,2001,3132,34010946,2525.1999999999994,920.8800013971972
39,Argentina,2002,3162,34407507,2525.1999999999994,918.9854992981618
40,Argentina,2003,3289,34785907,2525.1999999999994,945.4978419852615
41,Argentina,2004,3121,35162945,2525.1999999999994,887.5820839238579
42,Argentina,2005,3058,35550617,2525.1999999999994,860.1819765884795
43,Argentina,2006,3108,35918886,2525.1999999999994,865.2829600561665
44,Argentina,2007,2946,36315492,2525.1999999999994,811.2240362873234
45,Argentina,2008,3059,36733520,2525.1999999999994,832.7543889069166
46,Argentina,2009,2884,37158001,2525.1999999999994,776.1450891828115
47,Argentina,2010,2943,37578454,2525.1999999999994,783.1615425158255
48,Argentina,2011,2912,38015739,2525.1999999999994,765.9985249793514
49,Argentina,2012,3248,38441778,2525.1999999999994,844.9140932034933
50,Argentina,2013,2987,38859125,2525.1999999999994,768.6740244408489
51,Argentina,2014,3231,39276555,2525.1999999999994,822.6281556516349
52,Argentina,2015,3073,39699624,2525.1999999999994,774.0627467907505
53,Armenia,1990,93,2983700,2474.0,311.6935348728089
54,Armenia,1991,80,3230800,2474.0,247.6166893648632
55,Armenia,1992,83,3308700,2474.0,250.85380965333817
56,Armenia,1993,106,3366600,2474.0,314.8577199548506
57,Armenia,1994,112,3402500,2474.0,329.1697281410727
58,Armenia,1995,130,3443200,2474.0,377.5557620817844
59,Armenia,1996,87,3486300,2474.0,249.54823164959984
60,Armenia,1997,77,3526700,2474.0,218.33442027958148
61,Armenia,1998,66,3558000,2474.0,185.4974704890388
62,Armenia,1999,67,3580700,2474.0,187.11425140335686
63,Armenia,2000,61,3606500,2474.0,169.1390544849577
64,Armenia,2001,60,3610516,2474.0,166.18123282101507
65,Armenia,2002,74,3014844,2474.0,245.45216933280793
66,Armenia,2003,59,3024366,2474.0,195.0822089654493
67,Armenia,2006,78,2764396,2474.0,282.15928542799224
68,Armenia,2007,71,2735313,2474.0,259.56810061590755
69,Armenia,2008,63,3045391,2474.0,206.86998812303577
70,Armenia,2009,53,2689695,2474.0,197.04836421973494
71,Armenia,2010,73,2676225,2474.0,272.7722818522359
72,Armenia,2011,67,2670366,2474.0,250.90193628888326
73,Armenia,2012,79,2814300,2474.0,280.70923497850265
74,Armenia,2013,67,2810664,2474.0,238.3778352730885
75,Armenia,2014,58,2803029,2474.0,206.91901510829894
76,Armenia,2015,74,2795335,2474.0,264.7267679902409
77,Armenia,2016,67,2400033,2474.0,279.16282817777926
78,Australia,1985,1861,14562500,2813.7000000000003,1277.93991416309
79,Australia,1986,2044,14809800,2813.7000000000003,1380.1671865926617
80,Australia,1987,2164,15046500,2813.7000000000003,1438.2082211810055
81,Australia,1988,2172,15312100,2813.7000000000003,1418.486033920886
82,Australia,1989,2066,15570600,2813.7000000000003,1326.8595943637367
83,Australia,1990,2202,15807000,2813.7000000000003,1393.0537103814765
84,Australia,1991,2288,16012100,2813.7000000000003,1428.9193797190874
85,Australia,1992,2251,16203500,2813.7000000000003,1389.2060357330208
86,Australia,1993,2038,16370000,2813.7000000000003,1244.9602932193036
87,Australia,1994,2283,16549400,2813.7000000000003,1379.5062056630452
88,Australia,1995,2170,16766300,2813.7000000000003,1294.2628964052892
89,Australia,1996,2426,17015100,2813.7000000000003,1425.7923844114932
90,Australia,1997,2646,17221300,2813.7000000000003,1536.4693722309
91,Australia,1998,2632,17421730,2813.7000000000003,1510.7569684526165
92,Australia,1999,2488,17641702,2813.7000000000003,1410.294766343973
93,Australia,2000,2391,17874410,2813.7000000000003,1337.666529972178
94,Australia,2001,2458,18130883,2813.7000000000003,1355.6978995452125
95,Australia,2002,2319,18370058,2813.7000000000003,1262.380336523706
96,Australia,2003,2156,18608029,2813.7000000000003,1158.6396388354726
97,Australia,2004,2114,18854551,2813.7000000000003,1121.2147136253734
98,Australia,2006,2117,19109246,2813.7000000000003,1107.8406756603583
99,Australia,2007,2229,19734430,2813.7000000000003,1129.4980397204276
100,Australia,2008,2341,20120312,2813.7000000000003,1163.500844320903
101,Australia,2009,2337,20529317,2813.7000000000003,1138.3720169550697
102,Australia,2010,2420,20847547,2813.7000000000003,1160.8080317554866
103,Australia,2011,2392,20881910,2813.7000000000003,1145.489086007937
104,Australia,2012,2580,21238909,2813.7000000000003,1214.7516616790438
105,Australia,2013,2608,21600180,2813.7000000000003,1207.3973457628592
106,Australia,2014,2891,21927587,2813.7000000000003,1318.430523157883
107,Australia,2015,3027,22240785,2813.7000000000003,1361.0131117224505
108,Austria,1985,2091,7110115,1885.0,2940.8807030547327
109,Austria,1986,2139,7119149,1885.0,3004.5725970899052
110,Austria,1987,2069,7130006,1885.0,2901.820839982463
111,Austria,1988,1851,7144410,1885.0,2590.836752090095
112,Austria,1989,1898,7177666,1885.0,2644.313625069765
113,Austria,1990,1825,7231353,1885.0,2523.73241909225
114,Austria,1991,1769,7299728,1885.0,2423.377966959865
115,Austria,1992,1759,7375368,1885.0,2384.9657400145998
116,Austria,1993,1704,7433569,1885.0,2292.304006325898
117,Austria,1994,1776,7462552,1885.0,2379.8829140487064
118,Austria,1995,1788,7477030,1885.0,2391.3238277765367
119,Austria,1996,1779,7493706,1885.0,2373.9922542998083
120,Austria,1997,1592,7512589,1885.0,2119.109670447831
121,Austria,1998,1559,7533519,1885.0,2069.418023635435
122,Austria,1999,1555,7561609,1885.0,2056.4406332038593
123,Austria,2000,1588,7592073,1885.0,2091.655335769295
124,Austria,2001,1489,7634560,1885.0,1950.341604493252
125,Austria,2002,1553,7683162,1885.0,2021.3032082364007
126,Austria,2003,1456,7722033,1885.0,1885.513827770485
127,Austria,2004,1422,7773105,1885.0,1829.3847825289895
128,Austria,2005,1399,7827461,1885.0,1787.2973113503856
129,Austria,2006,1297,7869269,1885.0,1648.1835860484625
130,Austria,2007,1285,7897272,1885.0,1627.1441581346066
131,Austria,2008,1267,7925258,1885.0,1598.6861247924041
132,Austria,2009,1278,7946894,1885.0,1608.1754708191652
133,Austria,2010,1264,7968421,1885.0,1586.2615692619656
134,Austria,2011,1288,7995146,1885.0,1610.9774605742034
135,Austria,2012,1276,8031276,1885.0,1588.788630847701
136,Austria,2013,1291,8079615,1885.0,1597.8484123315284
137,Austria,2014,1314,8141165,1885.0,1614.019615128793
138,Austria,2015,1251,8219386,1885.0,1522.0114981824674
139,Austria,2016,1201,7484629,1885.0,1604.6219525376607
140,Azerbaijan,1990,114,6156800,2207.4000000000005,185.16112266112268
141,Azerbaijan,1991,134,6290600,2207.4000000000005,213.01624646297648
142,Azerbaijan,1992,144,6370400,2207.4000000000005,226.04546025367327
143,Azerbaijan,1993,119,6442600,2207.4000000000005,184.70803712786764
144,Azerbaijan,1994,47,6521200,2207.4000000000005,72.07262467030607
145,Azerbaijan,1995,49,6605900,2207.4000000000005,74.17611529087634
146,Azerbaijan,1996,69,6668100,2207.4000000000005,103.4777522832591
147,Azerbaijan,1997,107,6711200,2207.4000000000005,159.4349743712004
148,Azerbaijan,1998,56,7044400,2207.4000000000005,79.49576968939867
149,Azerbaijan,1999,54,7106400,2207.4000000000005,75.98784194528875
150,Azerbaijan,2000,62,7415250,2207.4000000000005,83.61147634941506
151,Azerbaijan,2001,317,7518000,2207.4000000000005,421.6546953977121
152,Azerbaijan,2002,92,7605700,2207.4000000000005,120.96191014633762
153,Azerbaijan,2003,129,7674400,2207.4000000000005,168.0913165850099
154,Azerbaijan,2004,108,7738250,2207.4000000000005,139.56643944044194
155,Azerbaijan,2007,55,7921100,2207.4000000000005,69.43480072212193
156,Belarus,1990,2085,9408800,1807.0,2216.010543321146
157,Belarus,1991,2169,9476200,1807.0,2288.8921719676664
158,Belarus,1992,2424,9570900,1807.0,2532.6771776948876
159,Belarus,1993,2885,9641100,1807.0,2992.397133107218
160,Belarus,1994,3153,9653900,1807.0,3266.0375599498643
161,Belarus,1995,3203,9673600,1807.0,3311.0734369831293
162,Belarus,1996,3627,9684800,1807.0,3745.0437799438296
163,Belarus,1997,3526,9692100,1807.0,3638.014465389338
164,Belarus,1998,3556,9694800,1807.0,3667.9457028510133
165,Belarus,1999,3397,9563200,1807.0,3552.158273381295
166,Belarus,2000,3483,9543479,1807.0,3649.612473606323
167,Belarus,2001,3303,9513587,1807.0,3471.8765908169016
168,Belarus,2002,3291,9469234,1807.0,3475.465914138356
169,Belarus,2003,3456,9420691,1807.0,3668.5207061774977
170,Belarus,2007,2659,9244456,1807.0,2876.3185199864656
171,Belarus,2008,2658,9205746,1807.0,2887.3271106980355
172,Belarus,2009,2743,9169969,1807.0,2991.2860119810653
173,Belarus,2010,2459,8981193,1807.0,2737.943611722852
174,Belarus,2011,2172,8947320,1807.0,2427.542549053795
175,Belarus,2013,1902,8910240,1807.0,2134.6226364273016
176,Belarus,2014,1741,8906977,1807.0,1954.6474634435453
177,Belgium,1985,2281,9269600,1546.0,2460.7318546647107
178,Belgium,1986,2202,9287100,1546.0,2371.030784636754
179,Belgium,1987,2238,9291300,1546.0,2408.7049175034713
180,Belgium,1988,1996,9319300,1546.0,2141.7917654759476
181,Belgium,1989,1920,9349200,1546.0,2053.651649338981
182,Belgium,1990,1895,9369700,1546.0,2022.4767068315955
183,Belgium,1991,1805,9396600,1546.0,1920.9075623097715
184,Belgium,1992,1878,9428100,1546.0,1991.9177777070672
185,Belgium,1993,2142,9462900,1546.0,2263.5767048156486
186,Belgium,1994,2131,9497400,1546.0,2243.7719796997076
187,Belgium,1995,2155,9527100,1546.0,2261.968489886744
188,Belgium,1996,2013,9557545,1546.0,2106.189403241104
189,Belgium,1997,2146,9576223,1546.0,2240.967028441172
190,Belgium,1998,2019,9620997,1546.0,2098.5351102385753
191,Belgium,1999,1857,9648277,1546.0,1924.6959845783865
192,Belgium,2000,2143,9674025,1546.0,2215.2103183524955
193,Belgium,2001,2165,9710055,1546.0,2229.647514869895
194,Belgium,2002,2076,9758570,1546.0,2127.3608735706157
195,Belgium,2003,2091,9804122,1546.0,2132.776397519329
196,Belgium,2004,1987,9848022,1546.0,2017.664054771608
197,Belgium,2005,2029,9901014,1546.0,2049.285053025882
198,Belgium,2006,1935,9962702,1546.0,1942.2441823513338
199,Belgium,2007,1857,10030266,1546.0,1851.396563161934
200,Belgium,2008,1999,10100850,1546.0,1979.0413678056796
201,Belgium,2009,2013,10173366,1546.0,1978.696136558932
202,Belgium,2010,2013,10211171,1546.0,1971.3703746612414
203,Belgium,2011,2088,10355126,1546.0,2016.392654227481
204,Belgium,2012,2026,10442637,1546.0,1940.1229785158669
205,Belgium,2013,1895,10526149,1546.0,1800.278525413235
206,Belgium,2014,1899,10578848,1546.0,1795.0914882225363
207,Belgium,2015,1867,10624356,1546.0,1757.282982610899
208,Bosnia and Herzegovina,2011,5,3673312,1770.0,13.611694296591196
209,Bosnia and Herzegovina,2014,313,3654169,1770.0,856.5558954717201
210,Brazil,1985,4228,117478900,2363.0,359.8944150821977
211,Brazil,1986,4271,118776400,2363.0,359.58321686799735
212,Brazil,1987,4672,122822467,2363.0,380.386432068654
213,Brazil,1988,4466,125701294,2363.0,355.2867164597367
214,Brazil,1989,4463,128570308,2363.0,347.1252476116025
215,Brazil,1990,4803,131387553,2363.0,365.55974217740396
216,Brazil,1991,5156,134281850,2363.0,383.968496114702
217,Brazil,1992,5207,137007021,2363.0,380.0535156515811
218,Brazil,1993,5508,139615477,2363.0,394.51213564238293
219,Brazil,1994,5896,142188450,2363.0,414.66096578167924
220,Brazil,1995,6536,144783591,2363.0,451.4323726091308
221,Brazil,1996,6698,147353130,2363.0,454.5543077367953
222,Brazil,1997,6891,149932627,2363.0,459.6064337617455
223,Brazil,1998,6922,152524311,2363.0,453.8292915153703
224,Brazil,1999,6507,155122073,2363.0,419.47608577923023
225,Brazil,2000,6763,157715991,2363.0,428.8087693022834
226,Brazil,2001,7710,160178796,2363.0,481.3371178042816
227,Brazil,2002,7697,162761414,2363.0,472.9007822456003
228,Brazil,2003,7839,165396911,2363.0,473.9508103630787
229,Brazil,2004,7995,167993068,2363.0,475.9124941988677
230,Brazil,2005,8529,170483960,2363.0,500.28166872707556
231,Brazil,2006,8618,172974722,2363.0,498.223087186115
232,Brazil,2007,8855,175293192,2363.0,505.1536741940326
233,Brazil,2008,9184,177471632,2363.0,517.4911559950044
234,Brazil,2009,9346,179569551,2363.0,520.4668579919766
235,Brazil,2010,9429,181629712,2363.0,519.1331250913397
236,Brazil,2011,9822,183656441,2363.0,534.8029149710028
237,Brazil,2012,10295,185591215,2363.0,554.7137562518785
238,Brazil,2013,10513,187458852,2363.0,560.8164078589364
239,Brazil,2014,10631,189285554,2363.0,561.6382114400553
240,Brazil,2015,11163,191087085,2363.0,584.1839075623557
241,Bulgaria,1985,1456,8392500,2178.0,1734.8823354185286
242,Bulgaria,1986,1408,8391500,2178.0,1677.8883393910503
243,Bulgaria,1987,1492,8375400,2178.0,1781.4074551663205
244,Bulgaria,1988,1452,8389800,2178.0,1730.6729600228848
245,Bulgaria,1989,1460,8403200,2178.0,1737.4333587204874
246,Bulgaria,1990,1323,8418500,2178.0,1571.5388727207933
247,Bulgaria,1991,1384,8431900,2178.0,1641.3856900579942
248,Bulgaria,1992,1519,8041500,2178.0,1888.9510663433439
249,Bulgaria,1993,1470,8001000,2178.0,1837.270341207349
250,Bulgaria,1994,1464,7995500,2178.0,1831.0299543493215
251,Bulgaria,1995,1433,7983900,2178.0,1794.8621600971953
252,Bulgaria,1996,1526,7963300,2178.0,1916.2909848931977
253,Bulgaria,1997,1465,7933900,2178.0,1846.5067621220335
254,Bulgaria,1998,1503,7899500,2178.0,1902.652066586493
255,Bulgaria,1999,1307,7866600,2178.0,1661.45475809117
256,Bulgaria,2000,1383,7829095,2178.0,1766.4876974924941
257,Bulgaria,2001,1314,7591926,2178.0,1730.7861009182648
258,Bulgaria,2002,1317,7544410,2178.0,1745.6633454438452
259,Bulgaria,2003,1092,7493166,2178.0,1457.3279171981508
260,Bulgaria,2004,1013,7447563,2178.0,1360.1764765199034
261,Bulgaria,2005,982,7404051,2178.0,1326.3009668626
262,Bulgaria,2006,977,7358508,2178.0,1327.7148030551846
263,Bulgaria,2007,902,7312474,2178.0,1233.5086593128399
264,Bulgaria,2008,939,7267511,2178.0,1292.0517079368713
265,Bulgaria,2009,868,7219817,2178.0,1202.2465389358206
266,Bulgaria,2010,859,7162740,2178.0,1199.2617350343585
267,Bulgaria,2011,763,7056527,2178.0,1081.2684483457656
268,Bulgaria,2012,872,6959652,2178.0,1252.9362100288924
269,Bulgaria,2013,721,6920644,2178.0,1041.8105598265133
270,Bulgaria,2014,724,6883874,2178.0,1051.7333699018895
271,Canada,1985,3258,23499900,2066.4,1386.388878250546
272,Canada,1986,3670,23499100,2066.4,1561.7619398189718
273,Canada,1987,3591,23798100,2066.4,1508.9439913270387
274,Canada,1988,3510,24080600,2066.4,1457.6048769548931
275,Canada,1989,3491,24368400,2066.4,1432.593030317953
276,Canada,1990,3378,24704400,2066.4,1367.3677563510953
277,Canada,1991,3593,25390400,2066.4,1415.1017707479994
278,Canada,1992,3708,26454400,2066.4,1401.6571912422887
279,Canada,1993,3803,26944700,2066.4,1411.4092938499966
280,Canada,1994,3748,27246000,2066.4,1375.6147691404242
281,Canada,1995,3968,27618500,2066.4,1436.718141825226
282,Canada,1996,3941,27706600,2066.4,1422.4047699826035
283,Canada,1997,3681,28085100,2066.4,1310.6593887862248
284,Canada,1998,3699,28372536,2066.4,1303.72554642278
285,Canada,1999,4074,28681643,2066.4,1420.4207199706098
286,Canada,2000,3606,29008565,2066.4,1243.0811382776085
287,Canada,2001,3694,29262055,2066.4,1262.3857073606075
288,Canada,2002,3650,29642114,2066.4,1231.356171155674
289,Canada,2003,3765,29958833,2066.4,1256.7245192761682
290,Canada,2004,3613,30283966,2066.4,1193.0405680682643
291,Canada,2005,3743,30597090,2066.4,1223.3189496125285
292,Canada,2006,3512,30902962,2066.4,1136.4606408926109
293,Canada,2007,3611,31242631,2066.4,1155.7925451284816
294,Canada,2008,3705,31588641,2066.4,1172.8899638322523
295,Canada,2009,3890,31937357,2066.4,1218.0093675253088
296,Canada,2010,3951,32286140,2066.4,1223.7449258412432
297,Canada,2011,3728,32615418,2066.4,1143.0176979488658
298,Canada,2012,3926,32961196,2066.4,1191.09755604742
299,Canada,2013,4054,33314836,2066.4,1216.875268423954
300,Chile,1985,683,10675400,2807.8999999999996,639.7886730239617
301,Chile,1986,654,10931700,2807.8999999999996,598.2601059304592
302,Chile,1987,693,11209000,2807.8999999999996,618.2531894013739
303,Chile,1988,697,11306000,2807.8999999999996,616.4868211569079
304,Chile,1989,725,11501000,2807.8999999999996,630.3799669593949
305,Chile,1990,743,11709000,2807.8999999999996,634.554616107268
306,Chile,1991,787,11871000,2807.8999999999996,662.9601549995788
307,Chile,1992,658,12125000,2807.8999999999996,542.680412371134
308,Chile,1993,740,12306400,2807.8999999999996,601.3131378794774
309,Chile,1994,801,12526600,2807.8999999999996,639.4392732265738
310,Chile,1995,930,12897643,2807.8999999999996,721.061980084268
311,Chile,1996,917,13125089,2807.8999999999996,698.6619290733953
312,Chile,1997,910,13339550,2807.8999999999996,682.1819326738907
313,Chile,1998,1031,13543940,2807.8999999999996,761.2260538661571
314,Chile,1999,1041,13743882,2807.8999999999996,757.4279232024838
315,Chile,2000,1473,13943575,2807.8999999999996,1056.4005285588523
316,Chile,2001,1625,14139590,2807.8999999999996,1149.2553885933044
317,Chile,2002,1603,14332840,2807.8999999999996,1118.4105871550928
318,Chile,2003,1654,14523758,2807.8999999999996,1138.8237121549394
319,Chile,2004,1735,14710993,2807.8999999999996,1179.3901336232027
320,Chile,2005,1682,14893574,2807.8999999999996,1129.3461193397904
321,Chile,2006,1795,15071596,2807.8999999999996,1190.9820300384908
322,Chile,2007,1848,15245435,2807.8999999999996,1212.166133665586
323,Chile,2008,2088,15415661,2807.8999999999996,1354.466733538056
324,Chile,2009,2148,15584149,2807.8999999999996,1378.323577373394
325,Chile,2010,2001,15751851,2807.8999999999996,1270.3268968199359
326,Chile,2011,2027,15910783,2807.8999999999996,1273.9787853306777
327,Chile,2012,1841,16075247,2807.8999999999996,1145.2390125016432
328,Chile,2013,1738,16242244,2807.8999999999996,1070.0491877846437
329,Chile,2014,1789,16406867,2807.8999999999996,1090.3970879997992
330,Chile,2015,1838,16565725,2807.8999999999996,1109.519806709335
331,Colombia,1985,1001,25052400,1333.0,399.5625169644425
332,Colombia,1986,958,25585600,1333.0,374.42936651866677
333,Colombia,1987,951,28009432,1333.0,339.5284845476338
334,Colombia,1988,912,28649501,1333.0,318.33015171887286
335,Colombia,1989,831,29289829,1333.0,283.71623473800406
336,Colombia,1990,865,29930973,1333.0,288.99828949763844
337,Colombia,1991,1010,30584178,1333.0,330.23611097215036
338,Colombia,1992,1086,29615400,1333.0,366.7011082072165
339,Colombia,1993,1085,30242200,1333.0,358.77019529002524
340,Colombia,1994,1198,30874600,1333.0,388.02122132756375
341,Colombia,1995,1150,33090899,1333.0,347.52757850428907
342,Colombia,1996,1209,33703636,1333.0,358.71500629783685
343,Colombia,1997,1242,34338825,1333.0,361.6897200180845
344,Colombia,1998,2052,34987039,1333.0,586.502904689934
345,Colombia,1999,2143,35629408,1333.0,601.4694378306818
346,Colombia,2000,2358,36252342,1333.0,650.4407356633676
347,Colombia,2001,2412,36884428,1333.0,653.9345004889325
348,Colombia,2002,2379,37478276,1333.0,634.7677251749788
349,Colombia,2003,2269,38044513,1333.0,596.4066355639774
350,Colombia,2004,2244,38604716,1333.0,581.276132169966
351,Colombia,2005,2102,39172790,1333.0,536.5969592668789
352,Colombia,2006,2177,39708676,1333.0,548.2429079226918
353,Colombia,2007,2181,40275206,1333.0,541.524232054828
354,Colombia,2008,2220,40859129,1333.0,543.3302310482438
355,Colombia,2009,2249,41436173,1333.0,542.7624795369013
356,Colombia,2010,2107,41989103,1333.0,501.79685905650337
357,Colombia,2011,2044,42538305,1333.0,480.50809734896586
358,Colombia,2012,2119,43055864,1333.0,492.1513130011745
359,Colombia,2013,2068,43546298,1333.0,474.89685575568325
360,Colombia,2014,2126,44021800,1333.0,482.94254210413925
361,Colombia,2015,2332,44490427,1333.0,524.1577025098006
362,Croatia,1995,929,4497400,1914.0,2065.637924133944
363,Croatia,1996,1001,4220800,1914.0,2371.5883244882484
364,Croatia,1997,946,4295100,1914.0,2202.5098367907617
365,Croatia,1998,1029,4227900,1914.0,2433.832399063365
366,Croatia,1999,989,4283800,1914.0,2308.6978850553246
367,Croatia,2000,926,4118000,1914.0,2248.664400194269
368,Croatia,2001,881,4180633,1914.0,2107.336377051035
369,Croatia,2002,874,4217300,1914.0,2072.4160007587793
370,Croatia,2003,865,4225600,1914.0,2047.0465732677017
371,Croatia,2004,871,4229600,1914.0,2059.296387365235
372,Croatia,2005,874,4235875,1914.0,2063.328119927996
373,Croatia,2006,796,4234946,1914.0,1879.5989370348523
374,Croatia,2007,775,4230855,1914.0,1831.7810466206004
375,Croatia,2008,793,4225583,1914.0,1876.664119483631
376,Croatia,2009,790,4216050,1914.0,1873.7918193569813
377,Croatia,2010,776,4203963,1914.0,1845.8773305093314
378,Croatia,2011,702,4189029,1914.0,1675.806016143598
379,Croatia,2012,776,4054296,1914.0,1914.0191046731663
380,Croatia,2013,692,4044457,1914.0,1710.9836994187353
381,Croatia,2014,722,4030452,1914.0,1791.3623583657616
382,Croatia,2015,739,4001669,1914.0,1846.7294521360964
383,Croatia,2016,683,3567043,1914.0,1914.7512379301286
384,Cyprus,1999,1,856733,3314.1000000000004,11.67224794655978
385,Cyprus,2000,7,875229,3314.1000000000004,79.97906833525855
386,Cyprus,2004,7,690616,3314.1000000000004,101.35878693803794
387,Cyprus,2005,17,701263,3314.1000000000004,242.41974836830119
388,Cyprus,2006,19,713426,3314.1000000000004,266.3205434060435
389,Cyprus,2007,19,728566,3314.1000000000004,260.7862568387764
390,Cyprus,2008,41,747034,3314.1000000000004,548.8371345882517
391,Cyprus,2009,32,767174,3314.1000000000004,417.1152828432663
392,Cyprus,2010,38,787081,3314.1000000000004,482.7965609638652
393,Cyprus,2011,30,800820,3314.1000000000004,374.6160185809545
394,Cyprus,2012,36,814305,3314.1000000000004,442.0947924917568
395,Cyprus,2013,45,813016,3314.1000000000004,553.4946421718638
396,Cyprus,2014,44,804818,3314.1000000000004,546.7074543561401
397,Cyprus,2015,40,796037,3314.1000000000004,502.4892059037457
398,Cyprus,2016,36,711344,3314.1000000000004,506.0842574056996
399,Czech Republic,1990,1997,9710900,1668.0,2056.452028133335
400,Czech Republic,1991,1904,9667500,1668.0,1969.485389190587
401,Czech Republic,1992,1991,9681900,1668.0,2056.41454673153
402,Czech Republic,1993,1917,9703400,1668.0,1975.5961827812932
403,Czech Republic,1994,1872,9723700,1668.0,1925.1930849368039
404,Czech Republic,1995,1733,9744300,1668.0,1778.4756216454748
405,Czech Republic,1996,1568,9763900,1668.0,1605.9156689437623
406,Czech Republic,1997,1666,9786700,1668.0,1702.3102782347469
407,Czech Republic,1998,1613,9808300,1668.0,1644.5255548871874
408,Czech Republic,1999,1610,9819215,1668.0,1639.6422728293453
409,Czech Republic,2000,1649,9819742,1668.0,1679.2701885650356
410,Czech Republic,2001,1623,9838083,1668.0,1649.7116358949195
411,Czech Republic,2002,1534,9752463,1668.0,1572.9359855043797
412,Czech Republic,2003,1719,9748550,1668.0,1763.3391632601772
413,Czech Republic,2004,1583,9746647,1668.0,1624.1482840201354
414,Czech Republic,2005,1565,9761733,1668.0,1603.1989401881815
415,Czech Republic,2006,1400,9780319,1668.0,1431.4461522165075
416,Czech Republic,2007,1379,9818295,1668.0,1404.5208460328397
417,Czech Republic,2008,1379,9899594,1668.0,1392.98641944306
418,Czech Republic,2009,1464,9937407,1668.0,1473.22133429777
419,Czech Republic,2010,1502,9945273,1668.0,1510.2652285161
420,Czech Republic,2011,1590,9906318,1668.0,1605.0363010757378
421,Czech Republic,2012,1658,9923127,1668.0,1670.8442812432008
422,Czech Republic,2013,1577,9936780,1668.0,1587.033224042396
423,Czech Republic,2014,1489,9963127,1668.0,1494.510709338544
424,Czech Republic,2015,1387,9989325,1668.0,1388.4822047535745
425,Czech Republic,2016,1318,8929942,1668.0,1475.9334383134853
426,Denmark,1994,999,4874900,1739.0,2049.2728055960124
427,Denmark,1995,924,4889100,1739.0,1889.9183898877095
428,Denmark,1996,892,4917300,1739.0,1814.0036198726943
429,Denmark,1997,817,4937300,1739.0,1654.7505721750756
430,Denmark,1998,763,4956400,1739.0,1539.4237753207974
431,Denmark,1999,762,4976200,1739.0,1531.2889353321812
432,Denmark,2000,728,4998610,1739.0,1456.4048805567948
433,Denmark,2001,727,5018451,1739.0,1448.6541763584023
434,Denmark,2002,688,5041222,1739.0,1364.7484677326252
435,Denmark,2003,633,5056783,1739.0,1251.7839899398493
436,Denmark,2004,661,5072927,1739.0,1302.9952924613344
437,Denmark,2005,631,5089852,1739.0,1239.7217050711886
438,Denmark,2006,650,5110460,1739.0,1271.9011595825034
439,Denmark,2007,581,5133001,1739.0,1131.8914607653496
440,Denmark,2008,603,5162525,1739.0,1168.033084585547
441,Denmark,2009,622,5192790,1739.0,1197.8146622528545
442,Denmark,2010,563,5217785,1739.0,1079.001913647266
443,Denmark,2011,589,5244150,1739.0,1123.1562789012519
444,Denmark,2012,661,5270539,1739.0,1254.1411798679414
445,Denmark,2013,610,5299698,1739.0,1151.0089820212397
446,Denmark,2014,629,5339166,1739.0,1178.0866150256425
447,Denmark,2015,564,5383060,1739.0,1047.7312160741287
448,Ecuador,1985,393,7661800,2238.0,512.9342974235819
449,Ecuador,1986,377,7881300,2238.0,478.3474807455623
450,Ecuador,1987,390,8356800,2238.0,466.6858127512923
451,Ecuador,1988,466,8593200,2238.0,542.2892519666713
452,Ecuador,1989,431,8578619,2238.0,502.4118683904717
453,Ecuador,1990,448,8800933,2238.0,509.03693960628954
454,Ecuador,1991,494,9091700,2238.0,543.3527283126367
455,Ecuador,1992,505,9253155,2238.0,545.7597976041685
456,Ecuador,1993,574,9488483,2238.0,604.9439093688634
457,Ecuador,1994,512,9725255,2238.0,526.4643446367216
458,Ecuador,1995,546,9960563,2238.0,548.1617856340048
459,Ecuador,1996,593,10195848,2238.0,581.6092982162935
460,Ecuador,1997,579,10427773,2238.0,555.2479901509172
461,Ecuador,1998,546,10656446,2238.0,512.3659426416649
462,Ecuador,1999,616,10883283,2238.0,566.0056804550612
463,Ecuador,2000,534,11109383,2238.0,480.67475934532104
464,Ecuador,2001,584,11328328,2238.0,515.5217963321683
465,Ecuador,2002,577,11548770,2238.0,499.62030588538863
466,Ecuador,2003,675,11771002,2238.0,573.4431104505801
467,Ecuador,2004,791,11994153,2238.0,659.4880021957366
468,Ecuador,2005,943,12217643,2238.0,771.8346329156941
469,Ecuador,2006,900,12449374,2238.0,722.9279158936024
470,Ecuador,2007,1005,12677354,2238.0,792.7521784119936
471,Ecuador,2008,928,12903183,2238.0,719.2023859539153
472,Ecuador,2009,964,13130161,2238.0,734.1874939690382
473,Ecuador,2010,912,13360285,2238.0,682.6201686565818
474,Ecuador,2011,918,13583553,2238.0,675.8172916909148
475,Ecuador,2012,976,13815861,2238.0,706.4344379260908
476,Ecuador,2013,676,14054613,2238.0,480.98087083578895
477,Ecuador,2014,734,14295145,2238.0,513.4610386953053
478,Ecuador,2015,1073,14534024,2238.0,738.2676676466201
479,El Salvador,1990,571,4510552,2957.0,1265.9204461006104
480,El Salvador,1991,474,4576985,2957.0,1035.6162408222879
481,El Salvador,1992,419,4591600,2957.0,912.5359351859918
482,El Salvador,1993,424,4694300,2957.0,903.2230577508893
483,El Salvador,1995,620,4836397,2957.0,1281.9460437180817
484,El Salvador,1996,540,4892391,2957.0,1103.75478983589
485,El Salvador,1997,577,4949302,2957.0,1165.8209581876395
486,El Salvador,1998,512,5006338,2957.0,1022.7036208901595
487,El Salvador,1999,515,5062759,2957.0,1017.2319085305068
488,El Salvador,2000,461,5118189,2957.0,900.7092157011006
489,El Salvador,2001,514,5175094,2957.0,993.2186739023484
490,El Salvador,2002,436,5230458,2957.0,833.579009715784
491,El Salvador,2003,527,5283542,2957.0,997.4369466543467
492,El Salvador,2004,464,5333170,2957.0,870.02664456599
493,El Salvador,2005,455,5378879,2957.0,845.9011626772046
494,El Salvador,2006,411,5429044,2957.0,757.0393608893205
495,El Salvador,2007,501,5467861,2957.0,916.2632334655179
496,El Salvador,2008,490,5499287,2957.0,891.0246000981581
497,El Salvador,2009,506,5528910,2957.0,915.1894315516078
498,El Salvador,2010,399,5560453,2957.0,717.5674356028186
499,El Salvador,2011,485,5585785,2957.0,868.2754527787948
500,El Salvador,2012,512,5618823,2957.0,911.2228664259401
501,El Salvador,2013,484,5657250,2957.0,855.5393521587345
502,El Salvador,2014,386,5696329,2957.0,677.6293995659311
503,Estonia,1995,594,1356651,1827.0,4378.428940088497
504,Estonia,1996,545,1342202,1827.0,4060.491639857488
505,Estonia,1997,522,1331234,1827.0,3921.1738882871077
506,Estonia,1998,477,1321719,1827.0,3608.9365440006536
507,Estonia,1999,468,1313198,1827.0,3563.819012822133
508,Estonia,2000,377,1334175,1827.0,2825.7162666067047
509,Estonia,2001,401,1325610,1827.0,3025.0224424981707
510,Estonia,2002,371,1316690,1827.0,2817.671585566838
511,Estonia,2003,342,1307160,1827.0,2616.3591297163316
512,Estonia,2004,323,1297650,1827.0,2489.11493854275
513,Estonia,2005,273,1288495,1827.0,2118.750945870958
514,Estonia,2006,247,1278915,1827.0,1931.3245993674327
515,Estonia,2007,251,1270415,1827.0,1975.73233943239
516,Estonia,2008,242,1264005,1827.0,1914.5493886495703
517,Estonia,2009,269,1259010,1827.0,2136.599391585452
518,Estonia,2010,223,1254225,1827.0,1777.9903924734397
519,Estonia,2011,218,1249427,1827.0,1744.7998162357624
520,Estonia,2012,237,1251631,1827.0,1893.5293229394288
521,Estonia,2013,218,1243096,1827.0,1753.6859582847987
522,Estonia,2014,241,1241852,1827.0,1940.6499325201394
523,Estonia,2015,195,1243450,1827.0,1568.2174594877154
524,Fiji,2001,36,719459,1922.0,500.37597694934664
525,Fiji,2002,42,723187,1922.0,580.7626519835118
526,Fiji,2003,10,725591,1922.0,137.81868848979659
527,Fiji,2004,24,728408,1922.0,329.4856728646582
528,Fiji,2005,22,732607,1922.0,300.29743095547815
529,Fiji,2006,24,737759,1922.0,325.3094845335672
530,Fiji,2007,13,745055,1922.0,174.4837629436753
531,Fiji,2008,37,753658,1922.0,490.93886086261944
532,Fiji,2009,26,762403,1922.0,341.0269896629473
533,Fiji,2011,38,776325,1922.0,489.4857179660581
534,Fiji,2012,32,782939,1922.0,408.71638786674316
535,Finland,1987,1363,4614100,1858.0,2953.988860232765
536,Finland,1988,1402,4633600,1858.0,3025.725138121547
537,Finland,1989,1413,4654300,1858.0,3035.9022839095032
538,Finland,1990,1512,4675100,1858.0,3234.15541913542
539,Finland,1991,1493,4698500,1858.0,3177.6098754921786
540,Finland,1992,1451,4720900,1858.0,3073.5664809676123
541,Finland,1993,1397,4741000,1858.0,2946.635730858469
542,Finland,1994,1387,4761600,1858.0,2912.8864247311826
543,Finland,1995,1388,4781300,1858.0,2902.9761780268964
544,Finland,1996,1247,4802200,1858.0,2596.726500354004
545,Finland,1997,1322,4823200,1858.0,2740.9188920218944
546,Finland,1998,1228,4844673,1858.0,2534.7427989463895
547,Finland,1999,1207,4864255,1858.0,2481.366622432418
548,Finland,2000,1165,4881820,1858.0,2386.405070240197
549,Finland,2001,1204,4898983,1858.0,2457.6529455195086
550,Finland,2002,1095,4915614,1858.0,2227.595576056216
551,Finland,2003,1075,4929856,1858.0,2180.5910760882266
552,Finland,2004,1064,4944765,1858.0,2151.770609927873
553,Finland,2005,994,4961784,1858.0,2003.3117120777526
554,Finland,2006,1062,4979740,1858.0,2132.6414632089227
555,Finland,2007,995,4998853,1858.0,1990.4566107465052
556,Finland,2008,1033,5020096,1858.0,2057.7295732989965
557,Finland,2009,1034,5042316,1858.0,2050.6449813934705
558,Finland,2010,954,5063494,1858.0,1884.0745145545745
559,Finland,2011,912,5085985,1858.0,1793.162976296627
560,Finland,2012,873,5110450,1858.0,1708.2644385523781
561,Finland,2013,887,5135433,1858.0,1727.2156018781668
562,Finland,2014,789,5159944,1858.0,1529.086362177574
563,Finland,2015,731,5181797,1858.0,1410.7075209623226
564,France,1985,12501,51382600,1662.0,2432.924764414413
565,France,1986,12529,51637600,1662.0,2426.3327497792307
566,France,1987,12161,51900800,1662.0,2343.123805413404
567,France,1988,11599,52157600,1662.0,2223.8369863644034
568,France,1989,11715,52417900,1662.0,2234.92356618636
569,France,1990,11403,52952900,1662.0,2153.423136409904
570,France,1991,11502,53282900,1662.0,2158.666288809355
571,France,1992,11644,53622300,1662.0,2171.4846248668932
572,France,1993,12251,53945400,1662.0,2270.99993697331
573,France,1994,12041,54247100,1662.0,2219.6578250265916
574,France,1995,11819,54528500,1662.0,2167.490394931091
575,France,1996,11279,54791600,1662.0,2058.527219500799
576,France,1997,11139,55045500,1662.0,2023.5986592909503
577,France,1998,10534,55280700,1662.0,1905.5475057298481
578,France,1999,10268,55043393,1662.0,1865.4373286908385
579,France,2000,10849,55267624,1662.0,1962.9937411458106
580,France,2001,10449,55511272,1662.0,1882.320405124206
581,France,2002,10643,55935517,1662.0,1902.7266700690368
582,France,2003,10871,56360402,1662.0,1928.8364905559047
583,France,2004,10804,56813922,1662.0,1901.646571768096
584,France,2005,10713,57160687,1662.0,1874.190210485049
585,France,2006,10423,57824447,1662.0,1802.5248040850265
586,France,2007,10127,58167011,1662.0,1741.0212121781537
587,France,2008,10353,58482967,1662.0,1770.2590225971264
588,France,2009,10499,58770727,1662.0,1786.4335760216138
589,France,2010,10379,59056283,1662.0,1757.4759996324185
590,France,2011,10408,59344643,1662.0,1753.8230030299449
591,France,2012,9743,59638457,1662.0,1633.6774105339448
592,France,2013,9600,59910069,1662.0,1602.4017598777928
593,France,2014,8881,60275954,1662.0,1473.3902013396587
594,Georgia,1990,196,4986400,2046.0,393.06914808278515
595,Georgia,1991,174,5018550,2046.0,346.7136922019308
596,Georgia,1992,204,4988700,2046.0,408.9241686210837
597,Georgia,1994,123,4518900,2046.0,272.1901347673106
598,Georgia,1995,138,4410850,2046.0,312.8648673158235
599,Georgia,1996,162,4310350,2046.0,375.8395489925412
600,Georgia,1997,176,4240600,2046.0,415.0356081686554
601,Georgia,1998,148,4209250,2046.0,351.60658074478823
602,Georgia,1999,189,4187750,2046.0,451.31633932302555
603,Georgia,2000,130,4165600,2046.0,312.07989245246785
604,Georgia,2001,100,4140950,2046.0,241.49047923785605
605,Georgia,2004,175,4089850,2046.0,427.888553369928
606,Georgia,2005,87,4132000,2046.0,210.5517909002904
607,Georgia,2006,72,4166500,2046.0,172.80691227649106
608,Georgia,2007,104,4154900,2046.0,250.30686659125368
609,Georgia,2009,188,4158750,2046.0,452.05891193267206
610,Georgia,2010,112,4193800,2046.0,267.0608994229577
611,Georgia,2011,99,4202600,2046.0,235.56845762147242
612,Georgia,2012,104,4200900,2046.0,247.56599776238423
613,Georgia,2013,157,4192600,2046.0,374.46930305776846
614,Georgia,2014,194,3470600,2046.0,558.9811559960814
615,Georgia,2015,192,3458400,2046.0,555.1700208188757
616,Germany,1990,13924,74958800,1627.0,1857.5537495264066
617,Germany,1991,14010,75495900,1627.0,1855.729913809889
618,Germany,1992,13458,76131700,1627.0,1767.7261902729085
619,Germany,1993,12690,76793400,1627.0,1652.4857604950428
620,Germany,1994,12718,77163400,1627.0,1648.190722544626
621,Germany,1995,12888,77547500,1627.0,1661.9491279538347
622,Germany,1996,12225,77882500,1627.0,1569.6722627034312
623,Germany,1997,12256,78067900,1627.0,1569.91541978201
624,Germany,1998,11654,78071100,1627.0,1492.7418724726565
625,Germany,1999,11160,78141200,1627.0,1428.1838517964916
626,Germany,2000,11073,78242066,1627.0,1415.223365906519
627,Germany,2001,11167,78421514,1627.0,1423.9714882321707
628,Germany,2002,11176,78633771,1627.0,1421.2722927913503
629,Germany,2003,11155,78756461,1627.0,1416.3917294353794
630,Germany,2004,10741,78811814,1627.0,1362.8667397504641
631,Germany,2005,10270,78851254,1627.0,1302.4523363953094
632,Germany,2006,9775,78828994,1627.0,1240.0259731844353
633,Germany,2007,9409,78776585,1627.0,1194.3904397480544
634,Germany,2008,9459,78662789,1627.0,1202.4745270600563
635,Germany,2009,9579,78448602,1627.0,1221.0542642939643
636,Germany,2010,10030,78349067,1627.0,1280.1684032816881
637,Germany,2011,10153,78371140,1627.0,1295.502400501001
638,Germany,2012,9896,78508115,1627.0,1260.5066367979923
639,Germany,2013,10091,77270988,1627.0,1305.9235116807358
640,Germany,2014,10217,77552369,1627.0,1317.4323533559625
641,Germany,2015,10088,78136683,1627.0,1291.0709301545344
642,Greece,1985,405,9275400,2847.0,436.6388511546672
643,Greece,1986,393,9334000,2847.0,421.04135418898653
644,Greece,1987,410,9387400,2847.0,436.7556511920233
645,Greece,1988,403,9450000,2847.0,426.4550264550264
646,Greece,1989,383,9527500,2847.0,401.99422723694573
647,Greece,1990,349,9617000,2847.0,362.8990329624623
648,Greece,1991,381,9721144,2847.0,391.9291803516129
649,Greece,1992,351,9834155,2847.0,356.91932860525384
650,Greece,1993,412,9930405,2847.0,414.8874089223954
651,Greece,1994,355,10018932,2847.0,354.3291839888723
652,Greece,1995,370,10101632,2847.0,366.2774490300181
653,Greece,1996,356,10178479,2847.0,349.7575620090192
654,Greece,1997,374,10248806,2847.0,364.9205575751946
655,Greece,1998,403,10310630,2847.0,390.8587545086964
656,Greece,1999,381,10362363,2847.0,367.67675480968967
657,Greece,2000,382,10403059,2847.0,367.1996861692316
658,Greece,2001,334,10441529,2847.0,319.8765238309447
659,Greece,2002,323,10482045,2847.0,308.1459772401282
660,Greece,2003,375,10515665,2847.0,356.610827750789
661,Greece,2004,353,10547290,2847.0,334.6831271350271
662,Greece,2005,400,10582816,2847.0,377.9712318536012
663,Greece,2006,394,10618891,2847.0,371.0368625122906
664,Greece,2007,328,10653591,2847.0,307.8774095983223
665,Greece,2008,373,10686723,2847.0,349.0312231354738
666,Greece,2009,391,10719618,2847.0,364.75180365568997
667,Greece,2010,377,10735384,2847.0,351.1751419418253
668,Greece,2011,477,10728724,2847.0,444.60086772667466
669,Greece,2012,508,10539802,2847.0,481.9824888551038
670,Greece,2013,533,10431289,2847.0,510.96273912073576
671,Greece,2014,565,10380547,2847.0,544.287309714989
672,Greece,2015,529,10331286,2847.0,512.0369332530336
673,Hungary,1991,3993,9757766,1928.0,4092.125185211451
674,Hungary,1992,4000,9754956,1928.0,4100.4797971410635
675,Hungary,1993,3694,9747902,1928.0,3789.533378566998
676,Hungary,1994,3625,9740817,1928.0,3721.453754854444
677,Hungary,1995,3366,9737248,1928.0,3456.828869923001
678,Hungary,1996,3436,9737250,1928.0,3528.717040232098
679,Hungary,1997,3208,9737781,1928.0,3294.3850349479
680,Hungary,1998,3245,9734373,1928.0,3333.5480364272044
681,Hungary,1999,3326,9553064,1928.0,3481.605482806354
682,Hungary,2000,3269,9527034,1928.0,3431.288268730856
683,Hungary,2001,2978,9704598,1928.0,3068.6484901280814
684,Hungary,2002,2839,9680164,1928.0,2932.801551709248
685,Hungary,2003,2800,9652533,1928.0,2900.7929835619316
686,Hungary,2004,2742,9630044,1928.0,2847.3390152734505
687,Hungary,2005,2619,9608943,1928.0,2725.585946341861
688,Hungary,2006,2461,9591110,1928.0,2565.917813475187
689,Hungary,2007,2450,9572938,1928.0,2559.2978874406167
690,Hungary,2008,2476,9552784,1928.0,2591.9145664761186
691,Hungary,2009,2460,9534237,1928.0,2580.175005089553
692,Hungary,2010,2489,9514005,1928.0,2616.1432540764904
693,Hungary,2011,2420,9495011,1928.0,2548.706894599701
694,Hungary,2012,2349,9453181,1928.0,2484.877841649282
695,Hungary,2013,2092,9433840,1928.0,2217.548739431663
696,Hungary,2014,1925,9412788,1928.0,2045.090147573705
697,Hungary,2015,1868,9389519,1928.0,1989.4522818474516
698,Hungary,2016,1761,8390370,1928.0,2098.8347355360966
699,Iceland,1985,32,220100,1327.0,1453.8845979100408
700,Iceland,1986,37,222300,1327.0,1664.4174538911382
701,Iceland,1987,36,225600,1327.0,1595.7446808510638
702,Iceland,1988,35,229200,1327.0,1527.0506108202444
703,Iceland,1989,22,232000,1327.0,948.2758620689655
704,Iceland,1990,40,233300,1327.0,1714.5306472353193
705,Iceland,1991,37,235900,1327.0,1568.4612123781264
706,Iceland,1992,28,238000,1327.0,1176.4705882352941
707,Iceland,1993,26,240500,1327.0,1081.081081081081
708,Iceland,1994,25,242700,1327.0,1030.0782859497322
709,Iceland,1995,27,244700,1327.0,1103.391908459338
710,Iceland,1996,33,246500,1327.0,1338.7423935091279
711,Iceland,1997,33,248929,1327.0,1325.6792097345028
712,Iceland,1998,30,252253,1327.0,1189.2821889135114
713,Iceland,1999,31,255820,1327.0,1211.789539519975
714,Iceland,2000,50,259723,1327.0,1925.1279247505995
715,Iceland,2001,36,263738,1327.0,1364.991013809159
716,Iceland,2002,30,266455,1327.0,1125.8936781069974
717,Iceland,2003,26,268330,1327.0,968.9561361010694
718,Iceland,2004,35,271588,1327.0,1288.7167326980573
719,Iceland,2005,33,274929,1327.0,1200.3098981918968
720,Iceland,2006,32,282999,1327.0,1130.7460450390283
721,Iceland,2007,37,289712,1327.0,1277.1303915612746
722,Iceland,2008,38,296836,1327.0,1280.168173671657
723,Iceland,2009,36,296204,1327.0,1215.3785904309193
724,Iceland,2010,46,294620,1327.0,1561.3332428212614
725,Iceland,2011,27,295475,1327.0,913.782891953634
726,Iceland,2012,37,297238,1327.0,1244.7937343139167
727,Iceland,2013,49,300456,1327.0,1630.8544345927523
728,Iceland,2014,44,304472,1327.0,1445.1246748469482
729,Iceland,2015,40,308554,1327.0,1296.3695171671732
730,Iceland,2016,40,268773,1327.0,1488.244726962902
731,Ireland,1985,276,3208200,1454.0,860.2954927997007
732,Ireland,1986,282,3216700,1454.0,876.6748531103304
733,Ireland,1987,245,3229700,1454.0,758.584388642908
734,Ireland,1988,266,3233500,1454.0,822.6380083500851
735,Ireland,1989,278,3223200,1454.0,862.4968974931745
736,Ireland,1990,334,3224000,1454.0,1035.9801488833746
737,Ireland,1991,345,3252100,1454.0,1060.8529873005136
738,Ireland,1992,362,3283400,1454.0,1102.5156849607113
739,Ireland,1993,326,3306500,1454.0,985.9367911689096
740,Ireland,1994,394,3326000,1454.0,1184.606133493686
741,Ireland,1995,403,3345900,1454.0,1204.4591888580053
742,Ireland,1996,408,3375800,1454.0,1208.6024053557676
743,Ireland,1997,466,3414285,1454.0,1364.8538420196323
744,Ireland,1998,498,3449415,1454.0,1443.723066085119
745,Ireland,1999,424,3481871,1454.0,1217.7360964837583
746,Ireland,2000,463,3523376,1454.0,1314.0805863467313
747,Ireland,2001,488,3573974,1454.0,1365.4268329875931
748,Ireland,2002,449,3639573,1454.0,1233.6612014651168
749,Ireland,2003,454,3694079,1454.0,1228.9937491861976
750,Ireland,2004,464,3752679,1454.0,1236.4500134437292
751,Ireland,2005,451,3833357,1454.0,1176.514475432369
752,Ireland,2006,452,3937578,1454.0,1147.9137683113834
753,Ireland,2007,458,4026707,1454.0,1137.4058256535675
754,Ireland,2008,506,4094192,1454.0,1235.897095202179
755,Ireland,2009,527,4117667,1454.0,1279.8509447218535
756,Ireland,2010,486,4264857,1454.0,1139.545827679568
757,Ireland,2011,554,4218849,1454.0,1313.1543698293065
758,Ireland,2012,542,4220806,1454.0,1284.1149297077384
759,Ireland,2013,487,4227378,1454.0,1152.014321879898
760,Ireland,2014,486,4328043,1454.0,1122.909361113094
761,Israel,1985,234,3753500,3311.0,623.4181430664713
762,Israel,1986,278,3813500,3311.0,728.9891176084963
763,Israel,1987,271,3878100,3311.0,698.7958020680229
764,Israel,1988,303,3947300,3311.0,767.6133052972917
765,Israel,1989,353,4021100,3311.0,877.8692397602647
766,Israel,1990,304,4156100,3311.0,731.4549698034216
767,Israel,1991,359,4423200,3311.0,811.6295894375113
768,Israel,1992,381,4588900,3311.0,830.2643335004032
769,Israel,1993,371,4717000,3311.0,786.5168539325844
770,Israel,1994,416,4844900,3311.0,858.6348531445437
771,Israel,1995,360,4977700,3311.0,723.2255861140687
772,Israel,1996,306,5103700,3311.0,599.5650214550228
773,Israel,1997,379,5233500,3311.0,724.1807585745677
774,Israel,1998,318,5360200,3311.0,593.2614454684526
775,Israel,1999,368,5497047,3311.0,669.4503430660135
776,Israel,2000,394,5643291,3311.0,698.1741682291414
777,Israel,2001,398,5777467,3311.0,688.8832078140819
778,Israel,2002,382,5895508,3311.0,647.9509484169982
779,Israel,2003,417,6003127,3311.0,694.6379778405487
780,Israel,2004,411,6109931,3311.0,672.6753542715948
781,Israel,2005,425,6220861,3311.0,683.1851732420962
782,Israel,2006,367,6334485,3311.0,579.3683306535575
783,Israel,2007,326,6448814,3311.0,505.51930944201524
784,Israel,2008,354,6565602,3311.0,539.1737117175242
785,Israel,2009,404,6731835,3311.0,600.1335445684572
786,Israel,2010,480,6849825,3311.0,700.7478293241068
787,Israel,2011,409,6971495,3311.0,586.6747376280124
788,Israel,2012,430,7095360,3311.0,606.0298561313309
789,Israel,2013,372,7226008,3311.0,514.8070691313932
790,Israel,2014,382,7366252,3311.0,518.5812269251718
791,Israel,2015,342,7516180,3311.0,455.01837369514834
792,Italy,1985,4759,54114700,2474.0,879.4283253903284
793,Italy,1986,4691,54267500,2474.0,864.4216151471875
794,Italy,1987,4516,54424100,2474.0,829.7794543226255
795,Italy,1988,4381,54579700,2474.0,802.6793844597901
796,Italy,1989,4342,54697200,2474.0,793.8249124269615
797,Italy,1990,4402,54831700,2474.0,802.8202663787555
798,Italy,1991,4453,54465500,2474.0,817.5817719473795
799,Italy,1992,4543,54154898,2474.0,838.8899559925309
800,Italy,1993,4697,54140523,2474.0,867.5571900182789
801,Italy,1994,4536,54143049,2474.0,837.7806724552952
802,Italy,1995,4569,54141172,2474.0,843.9048936731551
803,Italy,1996,4689,54150332,2474.0,865.9226687659091
804,Italy,1997,4694,54181477,2474.0,866.3477372534528
805,Italy,1998,4504,54250592,2474.0,830.2213550038311
806,Italy,1999,4115,54280527,2474.0,758.0987561156139
807,Italy,2000,4108,54298946,2474.0,756.5524384211803
808,Italy,2001,4030,54333844,2474.0,741.7108202394073
809,Italy,2002,4069,54526842,2474.0,746.2379721165587
810,Italy,2003,4075,54937570,2474.0,741.7510457779621
811,Italy,2004,3986,54988156,2474.0,724.8833730667383
812,Italy,2005,3742,55244690,2474.0,677.3501670477289
813,Italy,2006,3700,56180672,2474.0,658.5894878580306
814,Italy,2007,3757,56583578,2474.0,663.9735649095926
815,Italy,2008,3904,57009825,2474.0,684.7942437992048
816,Italy,2009,3974,57351830,2474.0,692.9159889056722
817,Italy,2010,3989,57637843,2474.0,692.0800280468511
818,Italy,2011,4153,56610149,2474.0,733.6140380058
819,Italy,2012,4257,56795085,2474.0,749.5366896624946
820,Italy,2013,4290,57503331,2474.0,746.0437378836367
821,Italy,2014,4147,58100676,2474.0,713.7610584771853
822,Italy,2015,3988,58117697,2474.0,686.1937423294663
823,Japan,1985,23257,112809200,1876.7,2061.622633614989
824,Japan,1986,25484,113679000,1876.7,2241.750895064172
825,Japan,1987,23663,114416000,1876.7,2068.1548035239825
826,Japan,1988,22676,115101000,1876.7,1970.0958288807221
827,Japan,1989,21013,115766000,1876.7,1815.1270666689704
828,Japan,1990,20002,116251400,1876.7,1720.5814295569774
829,Japan,1991,19780,116802000,1876.7,1693.4641530110785
830,Japan,1992,20756,117311000,1876.7,1769.314045571174
831,Japan,1993,20353,117735000,1876.7,1728.7127871915743
832,Japan,1994,20744,118064000,1876.7,1757.0131454126577
833,Japan,1995,21249,118349500,1876.7,1795.4448476757398
834,Japan,1996,21967,118785000,1876.7,1849.307572504946
835,Japan,1997,23280,119060000,1876.7,1955.316647068705
836,Japan,1998,31458,119338000,1876.7,2636.0421659488175
837,Japan,1999,31115,119540000,1876.7,2602.894428643132
838,Japan,2000,29989,119752660,1876.7,2504.244999651782
839,Japan,2001,29132,120066000,1876.7,2426.332183965486
840,Japan,2002,29715,120189000,1876.7,2472.3560392381996
841,Japan,2003,31881,120395000,1876.7,2648.033556210806
842,Japan,2004,30034,120500000,1876.7,2492.4481327800827
843,Japan,2005,30369,120657507,1876.7,2516.9590152397227
844,Japan,2006,29769,120702000,1876.7,2466.3220162052
845,Japan,2007,30665,120704000,1876.7,2540.5123276776244
846,Japan,2008,30073,120602000,1876.7,2493.5739042470273
847,Japan,2009,30523,120496000,1876.7,2533.1131323861373
848,Japan,2010,29411,121127267,1876.7,2428.1072898309512
849,Japan,2011,28766,120927000,1876.7,2378.7905099770937
850,Japan,2012,26338,120735000,1876.7,2181.4718184453554
851,Japan,2013,25991,120514000,1876.7,2156.678892078929
852,Japan,2014,24357,120274000,1876.7,2025.1259623858855
853,Japan,2015,23092,120376310,1876.7,1918.31764904573
854,Kazakhstan,1990,3172,14773900,2507.0,2147.0295588842487
855,Kazakhstan,1991,3082,14952800,2507.0,2061.1524263014285
856,Kazakhstan,1992,3356,15150100,2507.0,2215.1668965881413
857,Kazakhstan,1993,4019,15331400,2507.0,2621.417483073953
858,Kazakhstan,1994,4024,15229600,2507.0,2642.2230393444347
859,Kazakhstan,1995,4706,14989600,2507.0,3139.5100603084807
860,Kazakhstan,1996,4773,14487700,2507.0,3294.5187987051086
861,Kazakhstan,1997,4642,14394600,2507.0,3224.820418768149
862,Kazakhstan,1998,4313,13844200,2507.0,3115.3840597506537
863,Kazakhstan,1999,3991,13773400,2507.0,2897.6142419446173
864,Kazakhstan,2000,4428,13772422,2507.0,3215.120768155376
865,Kazakhstan,2001,4377,13772696,2507.0,3178.0270180943508
866,Kazakhstan,2002,4240,13777476,2507.0,3077.486761726168
867,Kazakhstan,2003,4321,13811863,2507.0,3128.470069533704
868,Kazakhstan,2004,4394,13873328,2507.0,3167.228512149356
869,Kazakhstan,2005,3903,13947770,2507.0,2798.2967886622737
870,Kazakhstan,2006,4076,14037676,2507.0,2903.6145299264635
871,Kazakhstan,2007,4141,14125606,2507.0,2931.555644409167
872,Kazakhstan,2008,3997,14216053,2507.0,2811.6102268330037
873,Kazakhstan,2009,3838,14370635,2507.0,2670.7240146312256
874,Kazakhstan,2010,3609,14713167,2507.0,2452.904938821125
875,Kazakhstan,2011,3401,14853350,2507.0,2289.719154264863
876,Kazakhstan,2012,3240,15023549,2507.0,2156.6142593870463
877,Kazakhstan,2013,3512,15215382,2507.0,2308.1904877577176
878,Kazakhstan,2014,3119,15428844,2507.0,2021.5383602297102
879,Kazakhstan,2015,2872,15646752,2507.0,1835.5247146500437
880,Latvia,1995,1024,2374700,1755.0,4312.123636669895
881,Latvia,1996,922,2363400,1755.0,3901.159346703901
882,Latvia,1997,886,2354700,1755.0,3762.6873911750963
883,Latvia,1998,839,2344100,1755.0,3579.1988396399474
884,Latvia,1999,763,2333400,1755.0,3269.9065740978826
885,Latvia,2000,770,2272107,1755.0,3388.924905385178
886,Latvia,2001,708,2242227,1755.0,3157.575035890657
887,Latvia,2002,670,2214484,1755.0,3025.535519787002
888,Latvia,2003,604,2190211,1755.0,2757.72516894491
889,Latvia,2004,563,2163477,1755.0,2602.292513393949
890,Latvia,2005,564,2137831,1755.0,2638.187957794606
891,Latvia,2006,487,2115215,1755.0,2302.3664261079844
892,Latvia,2007,453,2093878,1755.0,2163.449828500037
893,Latvia,2008,527,2067529,1755.0,2548.9364357162585
894,Latvia,2009,516,2030316,1755.0,2541.4763022110847
895,Latvia,2010,438,1987906,1755.0,2203.3234971874926
896,Latvia,2011,440,1953611,1755.0,2252.2395707231376
897,Latvia,2012,444,1931521,1755.0,2298.706563376738
898,Latvia,2013,383,1912464,1755.0,2002.6520760652224
899,Latvia,2014,382,1894041,1755.0,2016.851799934637
900,Latvia,2015,387,1875522,1755.0,2063.4255423290156
901,Lithuania,1995,1694,3387149,1691.0,5001.256218725542
902,Lithuania,1996,1722,3375163,1691.0,5101.975815686532
903,Lithuania,1997,1632,3364273,1691.0,4850.973746779765
904,Lithuania,1998,1553,3350973,1691.0,4634.474822685829
905,Lithuania,1999,1550,3333452,1691.0,4649.834465893015
906,Lithuania,2000,1631,3315125,1691.0,4919.874816183402
907,Lithuania,2001,1533,3294138,1691.0,4653.721246650869
908,Lithuania,2002,1551,3274488,1691.0,4736.618365985766
909,Lithuania,2003,1455,3254127,1691.0,4471.245283297179
910,Lithuania,2004,1380,3222969,1691.0,4281.766284441457
911,Lithuania,2005,1319,3174728,1691.0,4154.686637721405
912,Lithuania,2006,1049,3125767,1691.0,3355.9763091746763
913,Lithuania,2007,1025,3087867,1691.0,3319.443486393682
914,Lithuania,2008,1111,3053756,1691.0,3638.142667587063
915,Lithuania,2009,1138,3016497,1691.0,3772.587872621786
916,Lithuania,2010,1018,2949737,1691.0,3451.155136881695
917,Lithuania,2011,1018,2879805,1691.0,3534.9615685784283
918,Lithuania,2012,927,2837770,1691.0,3266.64951705036
919,Lithuania,2013,1085,2806627,1691.0,3865.8503605929823
920,Lithuania,2014,930,2781577,1691.0,3343.4271278486985
921,Lithuania,2015,896,2753926,1691.0,3253.5369505208196
922,Lithuania,2016,822,2445296,1691.0,3361.5562287755756
923,Malta,1985,2,307200,3054.0,65.10416666666667
924,Malta,1986,1,315800,3054.0,31.665611146295124
925,Malta,1987,1,317400,3054.0,31.5059861373661
926,Malta,1988,9,320800,3054.0,280.54862842892766
927,Malta,1989,23,324000,3054.0,709.8765432098766
928,Malta,1990,8,327400,3054.0,244.3494196701283
929,Malta,1991,10,330800,3054.0,302.2974607013301
930,Malta,1992,18,334300,3054.0,538.4385282680228
931,Malta,1993,16,337700,3054.0,473.7933076695292
932,Malta,1994,15,341700,3054.0,438.9815627743635
933,Malta,1995,17,344900,3054.0,492.89649173673524
934,Malta,1996,10,348200,3054.0,287.1912693854107
935,Malta,1997,15,350400,3054.0,428.0821917808219
936,Malta,1998,12,353400,3054.0,339.5585738539898
937,Malta,1999,27,355600,3054.0,759.2800899887513
938,Malta,2000,23,362676,3054.0,634.1748557941524
939,Malta,2001,30,370541,3054.0,809.6270048388707
940,Malta,2002,19,374456,3054.0,507.4027389065738
941,Malta,2003,20,377785,3054.0,529.4016437921039
942,Malta,2004,24,380918,3054.0,630.0568626318525
943,Malta,2005,19,384111,3054.0,494.64868228194456
944,Malta,2006,26,386038,3054.0,673.5088255560332
945,Malta,2007,26,387581,3054.0,670.8275173447614
946,Malta,2008,14,390195,3054.0,358.7949614936122
947,Malta,2009,36,393102,3054.0,915.7928476578599
948,Malta,2010,31,394949,3054.0,784.9114695821486
949,Malta,2011,20,396423,3054.0,504.5115949377306
950,Malta,2012,25,399138,3054.0,626.3497837840547
951,Malta,2013,22,402728,3054.0,546.2744085337995
952,Malta,2014,32,406525,3054.0,787.1594612877437
953,Malta,2015,34,410637,3054.0,827.9818915489838
954,Mexico,1985,1544,67566000,2553.0,228.51730160139715
955,Mexico,1986,1714,69123500,2553.0,247.96198109181393
956,Mexico,1987,1701,67948100,2553.0,250.33812571653957
957,Mexico,1988,1703,69646000,2553.0,244.52229848088905
958,Mexico,1989,1865,71359000,2553.0,261.35455934079795
959,Mexico,1990,1926,73076900,2553.0,263.55797796567725
960,Mexico,1991,2103,74796300,2553.0,281.16364044745524
961,Mexico,1992,2237,75285800,2553.0,297.13438656426575
962,Mexico,1993,2342,76826800,2553.0,304.84153967105226
963,Mexico,1994,2588,78374100,2553.0,330.2111284212514
964,Mexico,1995,2877,79927100,2553.0,359.95300717779077
965,Mexico,1996,3008,83802294,2553.0,358.9400547913402
966,Mexico,1997,3350,85340880,2553.0,392.54340944222747
967,Mexico,1998,3312,86825678,2553.0,381.4539749404548
968,Mexico,1999,3327,88271977,2553.0,376.9033064706368
969,Mexico,2000,3456,89694793,2553.0,385.30664762223154
970,Mexico,2001,3760,91052714,2553.0,412.94760307748754
971,Mexico,2002,3826,92394316,2553.0,414.09473716976265
972,Mexico,2003,4070,93758859,2553.0,434.09231334609143
973,Mexico,2004,4056,95193068,2553.0,426.08144534221753
974,Mexico,2005,4274,96730008,2553.0,441.8484075799932
975,Mexico,2006,4230,98468839,2553.0,429.5775235046694
976,Mexico,2007,4285,100294297,2553.0,427.2426377344267
977,Mexico,2008,4642,102170587,2553.0,454.3381942202211
978,Mexico,2009,5023,104044342,2553.0,482.77493071175365
979,Mexico,2010,4858,105875861,2553.0,458.8392438197032
980,Mexico,2011,5558,107655100,2553.0,516.2783741782786
981,Mexico,2012,5381,109368765,2553.0,492.00518996442906
982,Mexico,2013,5711,111036708,2553.0,514.3344127241236
983,Mexico,2014,6178,112692589,2553.0,548.2170615496286
984,Mexico,2015,6234,114357884,2553.0,545.1307581032191
985,Mongolia,2016,423,2167589,2794.5,1951.4769635756595
986,Montenegro,2000,0,578668,2482.0,0.0
987,Montenegro,2001,0,578668,2482.0,0.0
988,Montenegro,2002,0,578668,2482.0,0.0
989,Montenegro,2003,0,579688,2482.0,0.0
990,Montenegro,2004,0,581623,2482.0,0.0
991,Montenegro,2005,118,583232,2482.0,2023.2086030944802
992,Montenegro,2006,0,584885,2482.0,0.0
993,Montenegro,2007,121,587244,2482.0,2060.4723079333294
994,Montenegro,2008,126,589953,2482.0,2135.763357419998
995,Montenegro,2009,107,592234,2482.0,1806.7182904054814
996,Netherlands,1985,1638,13618300,1663.0,1202.793300191654
997,Netherlands,1986,1604,13695500,1663.0,1171.1876163703407
998,Netherlands,1987,1616,13777000,1663.0,1172.9694418233287
999,Netherlands,1988,1523,13855700,1663.0,1099.186616338402
1000,Netherlands,1989,1520,13929300,1663.0,1091.2249718219869
1001,Netherlands,1990,1450,14014300,1663.0,1034.6574570260377
1002,Netherlands,1991,1611,14114800,1663.0,1141.3551732932808
1003,Netherlands,1992,1587,14216900,1663.0,1116.277106823569
1004,Netherlands,1993,1555,14313600,1663.0,1086.3793874357254
1005,Netherlands,1994,1584,14397700,1663.0,1100.1757225112344
1006,Netherlands,1995,1511,14474000,1663.0,1043.940859472157
1007,Netherlands,1996,1577,14553700,1663.0,1083.5732494142385
1008,Netherlands,1997,1572,14639900,1663.0,1073.7778263512728
1009,Netherlands,1998,1519,14734600,1663.0,1030.9068451128635
1010,Netherlands,1999,1519,14832000,1663.0,1024.1370010787487
1011,Netherlands,2000,1501,14933235,1663.0,1005.1405472424428
1012,Netherlands,2001,1474,15038337,1663.0,980.161569726759
1013,Netherlands,2002,1570,15130318,1663.0,1037.6516871621602
1014,Netherlands,2003,1502,15203397,1663.0,987.9371037933166
1015,Netherlands,2004,1514,15265861,1663.0,991.7553946023745
1016,Netherlands,2005,1574,15320595,1663.0,1027.3752422800812
1017,Netherlands,2006,1525,15368697,1663.0,992.2767037439804
1018,Netherlands,2007,1354,15425404,1663.0,877.7727960966208
1019,Netherlands,2008,1439,15506963,1663.0,927.9702285998876
1020,Netherlands,2009,1530,15602176,1663.0,980.6324451153479
1021,Netherlands,2010,1604,15691409,1663.0,1022.2154046204519
1022,Netherlands,2011,1650,15772162,1663.0,1046.1470025479068
1023,Netherlands,2012,1756,15839503,1663.0,1108.6206429583049
1024,Netherlands,2013,1856,15899508,1663.0,1167.3317186921759
1025,Netherlands,2014,1839,15899508,1663.0,1156.639563941224
1026,Netherlands,2015,1873,16057342,1663.0,1166.4446083293237
1027,Netherlands,2016,1886,14239554,1663.0,1324.479685248569
1028,New Zealand,1985,338,3025800,2058.7,1117.0599510873158
1029,New Zealand,1986,414,3026100,2058.7,1368.097551303658
1030,New Zealand,1987,463,3047100,2058.7,1519.477536017853
1031,New Zealand,1988,484,3055200,2058.7,1584.1843414506416
1032,New Zealand,1989,465,3063800,2058.7,1517.723088974476
1033,New Zealand,1990,455,3089400,2058.7,1472.7778856735936
1034,New Zealand,1991,474,3203900,2058.7,1479.4469240613003
1035,New Zealand,1992,493,3235600,2058.7,1523.674125355421
1036,New Zealand,1993,443,3273200,2058.7,1353.4156177441037
1037,New Zealand,1994,512,3319500,2058.7,1542.4009640006027
1038,New Zealand,1995,545,3373800,2058.7,1615.3891754105164
1039,New Zealand,1996,540,3432500,2058.7,1573.19737800437
1040,New Zealand,1997,562,3470200,2058.7,1619.5031986629012
1041,New Zealand,1998,574,3502800,2058.7,1638.6890487609912
1042,New Zealand,1999,516,3549300,2058.7,1453.8077930859606
1043,New Zealand,2000,458,3573690,2058.7,1281.588498162963
1044,New Zealand,2001,508,3599090,2058.7,1411.467898829982
1045,New Zealand,2002,467,3659190,2058.7,1276.2387304294118
1046,New Zealand,2003,519,3729420,2058.7,1391.6373055327638
1047,New Zealand,2004,495,3802510,2058.7,1301.771724466208
1048,New Zealand,2005,514,3849280,2058.7,1335.3146562474021
1049,New Zealand,2006,527,3898600,2058.7,1351.7673010824399
1050,New Zealand,2007,494,3935450,2058.7,1255.2567050781995
1051,New Zealand,2008,520,3968450,2058.7,1310.3352694376897
1052,New Zealand,2009,512,4009980,2058.7,1276.8143482012379
1053,New Zealand,2010,536,4055470,2058.7,1321.671717458149
1054,New Zealand,2011,493,4090460,2058.7,1205.243420055446
1055,New Zealand,2012,549,4120870,2058.7,1332.2429486977267
1056,New Zealand,2013,513,4129770,2058.7,1242.1999288095947
1057,Nicaragua,2010,351,5107427,2759.8999999999996,687.2344920446244
1058,Nicaragua,2011,369,5177921,2759.8999999999996,712.6412318766547
1059,Nicaragua,2012,316,5251443,2759.8999999999996,601.7393695409052
1060,Nicaragua,2013,351,5326935,2759.8999999999996,658.9154926801247
1061,Nicaragua,2014,311,5402424,2759.8999999999996,575.6675151746698
1062,Nicaragua,2015,315,5476483,2759.8999999999996,575.1866663331192
1063,Norway,1986,579,3911700,1668.0,1480.174860035279
1064,Norway,1987,649,3929500,1668.0,1651.6096195444713
1065,Norway,1988,708,3946600,1668.0,1793.9492221152386
1066,Norway,1989,660,3955800,1668.0,1668.4362202335808
1067,Norway,1990,659,3961300,1668.0,1663.595284376341
1068,Norway,1991,675,3972600,1668.0,1699.1391028545538
1069,Norway,1992,616,3989800,1668.0,1543.937039450599
1070,Norway,1993,590,4010500,1668.0,1471.138262062087
1071,Norway,1994,531,4033300,1668.0,1316.5398061141002
1072,Norway,1995,548,4055900,1668.0,1351.1181242141079
1073,Norway,1996,517,4078000,1668.0,1267.7783227072093
1074,Norway,1997,533,4102100,1668.0,1299.3344872138662
1075,Norway,1998,548,4129400,1668.0,1327.0693078897662
1076,Norway,1999,583,4159745,1668.0,1401.5282186768661
1077,Norway,2000,541,4168315,1668.0,1297.8865560784154
1078,Norway,2001,549,4215103,1668.0,1302.4592756096351
1079,Norway,2002,494,4243689,1668.0,1164.0815337787478
1080,Norway,2003,502,4273124,1668.0,1174.7845370272428
1081,Norway,2004,529,4301960,1668.0,1229.6720564579866
1082,Norway,2005,533,4335092,1668.0,1229.5010117432341
1083,Norway,2006,532,4372103,1668.0,1216.8057339911709
1084,Norway,2007,485,4417369,1668.0,1097.9386145916267
1085,Norway,2008,505,4472089,1668.0,1129.2261848992719
1086,Norway,2009,573,4527536,1668.0,1265.589053295214
1087,Norway,2010,548,4582885,1668.0,1195.7533300530124
1088,Norway,2011,598,4643300,1668.0,1287.8771563327805
1089,Norway,2012,515,4706585,1668.0,1094.2116205274099
1090,Norway,2013,554,4767605,1668.0,1162.0090171060733
1091,Norway,2014,548,4827178,1668.0,1135.238849696448
1092,Norway,2015,590,4882909,1668.0,1208.2961202021172
1093,Oman,2009,13,2607549,3493.3,49.85524720724328
1094,Oman,2010,13,2748440,3493.3,47.2995590225728
1095,Oman,2014,7,3631098,3493.3,19.277915385373788
1096,Panama,1985,56,1899700,1743.5,294.78338685055536
1097,Panama,1986,82,1939900,1743.5,422.7022011443889
1098,Panama,1987,85,1980800,1743.5,429.1195476575121
1099,Panama,1988,87,2064310,1743.5,421.4483289815968
1100,Panama,1989,70,2112479,1743.5,331.3642407806184
1101,Panama,1996,113,2472851,1743.5,456.9624291960979
1102,Panama,1997,145,2526210,1743.5,573.9823688450288
1103,Panama,1998,148,2579433,1743.5,573.7695067094203
1104,Panama,1999,143,2633348,1743.5,543.0349501850876
1105,Panama,2000,143,2688510,1743.5,531.8931303956466
1106,Panama,2001,162,2742982,1743.5,590.5981154816182
1107,Panama,2002,160,2800046,1743.5,571.4191838276943
1108,Panama,2003,195,2858964,1743.5,682.0652516086245
1109,Panama,2004,186,2918453,1743.5,637.3239521075035
1110,Panama,2005,172,2977595,1743.5,577.6473966405774
1111,Panama,2006,185,3037959,1743.5,608.9614770969589
1112,Panama,2007,171,3097138,1743.5,552.1226370926966
1113,Panama,2008,186,3155636,1743.5,589.4215936185288
1114,Panama,2009,177,3214513,1743.5,550.6277311679871
1115,Panama,2010,151,3274415,1743.5,461.1510758410281
1116,Panama,2011,144,3334191,1743.5,431.8888749924644
1117,Panama,2012,135,3395244,1743.5,397.6150167705178
1118,Panama,2013,130,3457387,1743.5,376.00650433405343
1119,Panama,2014,147,3520213,1743.5,417.5883675220789
1120,Panama,2015,110,3583382,1743.5,306.9725750701432
1121,Paraguay,1985,63,3077314,2803.0,204.72398981709375
1122,Paraguay,1986,56,3167535,2803.0,176.79362658976143
1123,Paraguay,1987,62,3261975,2803.0,190.0688999762414
1124,Paraguay,1989,67,3459176,2803.0,193.68774528962967
1125,Paraguay,1990,99,3560229,2803.0,278.0720004246918
1126,Paraguay,1991,75,3662812,2803.0,204.7607138995941
1127,Paraguay,1994,108,3972517,2803.0,271.86793662557017
1128,Paraguay,1995,118,4076758,2803.0,289.4456820836557
1129,Paraguay,1996,99,4181422,2803.0,236.76156101919395
1130,Paraguay,1997,126,4284973,2803.0,294.05086099725713
1131,Paraguay,1998,138,4388094,2803.0,314.4873377826455
1132,Paraguay,1999,161,4492220,2803.0,358.3974070726723
1133,Paraguay,2000,154,4598158,2803.0,334.9167210000178
1134,Paraguay,2001,152,4701314,2803.0,323.3138650173122
1135,Paraguay,2002,177,4809921,2803.0,367.9894118843116
1136,Paraguay,2003,174,4920489,2803.0,353.62338987039703
1137,Paraguay,2004,234,5027301,2803.0,465.4585034793023
1138,Paraguay,2005,239,5126457,2803.0,466.20892362893125
1139,Paraguay,2006,251,5223460,2803.0,480.52440336481953
1140,Paraguay,2007,227,5307169,2803.0,427.72333046111777
1141,Paraguay,2008,222,5382169,2803.0,412.4731126057171
1142,Paraguay,2009,283,5456220,2803.0,518.6741003845152
1143,Paraguay,2010,223,5534703,2803.0,402.9123152588314
1144,Paraguay,2011,298,5610499,2803.0,531.1470512694148
1145,Paraguay,2012,275,5695283,2803.0,482.8557246409002
1146,Paraguay,2013,323,5786207,2803.0,558.2240663011193
1147,Paraguay,2014,379,5877594,2803.0,644.8216736304005
1148,Philippines,1992,347,55304684,2103.1,62.74332929919643
1149,Philippines,1993,846,56781569,2103.1,148.99200830466663
1150,Philippines,1997,814,62772694,2103.1,129.6742179011785
1151,Philippines,1998,883,64252614,2103.1,137.42631544920494
1152,Philippines,1999,1043,65740201,2103.1,158.65482370520894
1153,Philippines,2000,1403,67243482,2103.1,208.64475756921692
1154,Philippines,2001,1204,68738092,2103.1,175.1576112994233
1155,Philippines,2002,1301,70256443,2103.1,185.1787458126794
1156,Philippines,2003,1544,71781489,2103.1,215.0972376736292
1157,Philippines,2006,1788,76435755,2103.1,233.92193875758798
1158,Philippines,2007,1698,78008654,2103.1,217.66815768927378
1159,Philippines,2008,1820,79595888,2103.1,228.65502800848205
1160,Philippines,2009,2074,81193855,2103.1,255.43805008396265
1161,Philippines,2010,2116,82760992,2103.1,255.67600736346904
1162,Philippines,2011,2449,84201767,2103.1,290.84900320441017
1163,Poland,1990,4970,35164800,1571.0,1413.3451633451634
1164,Poland,1991,5316,35396300,1571.0,1501.851888474219
1165,Poland,1992,5713,35605400,1571.0,1604.5318968471074
1166,Poland,1993,5624,35792600,1571.0,1571.274509256103
1167,Poland,1994,5519,35960000,1571.0,1534.7608453837597
1168,Poland,1995,5499,36104900,1571.0,1523.0619666582652
1169,Poland,1996,5446,36243300,1571.0,1502.6225536857846
1170,Poland,1999,5779,36575200,1571.0,1580.0323716616726
1171,Poland,2000,5841,36233344,1571.0,1612.0510433704378
1172,Poland,2001,5855,36295390,1571.0,1613.1525243288474
1173,Poland,2002,5925,36347498,1571.0,1630.0984458407565
1174,Poland,2003,5836,36353775,1571.0,1605.3353468793819
1175,Poland,2004,6072,36371596,1571.0,1669.4345774653386
1176,Poland,2005,6045,36371365,1571.0,1662.0217580505982
1177,Poland,2006,5805,36348232,1571.0,1597.0515429746347
1178,Poland,2007,5284,36310843,1571.0,1455.2127032688281
1179,Poland,2008,5682,36262711,1571.0,1566.8988454834503
1180,Poland,2009,6477,36223402,1571.0,1788.070595909241
1181,Poland,2010,6357,36027791,1571.0,1764.471210571861
1182,Poland,2011,6113,36008237,1571.0,1697.6671198870415
1183,Poland,2012,6368,36013446,1571.0,1768.2284555607373
1184,Poland,2013,6218,36023694,1571.0,1726.0861698414385
1185,Poland,2014,5934,36059630,1571.0,1645.60756724348
1186,Poland,2015,5420,36086575,1571.0,1501.943589825302
1187,Portugal,1985,983,9313930,2807.0,1055.4084044007202
1188,Portugal,1986,941,9349248,2807.0,1006.4980627318903
1189,Portugal,1987,960,9378989,2807.0,1023.5644801374648
1190,Portugal,1988,819,9400481,2807.0,871.2320146171244
1191,Portugal,1989,747,9415270,2807.0,793.3920110628799
1192,Portugal,1990,870,9420814,2807.0,923.4870787174016
1193,Portugal,1991,942,9410507,2807.0,1001.0087660526686
1194,Portugal,1992,866,9401557,2807.0,921.1240223294928
1195,Portugal,1993,780,9410082,2807.0,828.8981966363311
1196,Portugal,1994,762,9436009,2807.0,807.5447999254769
1197,Portugal,1995,809,9473844,2807.0,853.9300414910781
1198,Portugal,1996,653,9515960,2807.0,686.215578880113
1199,Portugal,1997,628,9564579,2807.0,656.5892759106282
1200,Portugal,1998,556,9617110,2807.0,578.1362592296439
1201,Portugal,1999,545,9671357,2807.0,563.5196798132879
1202,Portugal,2000,524,9740085,2807.0,537.9829847480796
1203,Portugal,2001,761,9809536,2807.0,775.77573495831
1204,Portugal,2002,1210,9859832,2807.0,1227.2014371035937
1205,Portugal,2003,1156,9895009,2807.0,1168.2657388184286
1206,Portugal,2007,1020,10005713,2807.0,1019.4176067212801
1207,Portugal,2008,1038,10030640,2807.0,1034.8292830766532
1208,Portugal,2009,1025,10049918,2807.0,1019.9088191565344
1209,Portugal,2010,1099,10066628,2807.0,1091.7260476894546
1210,Portugal,2011,1017,10062815,2807.0,1010.6515920246969
1211,Portugal,2012,1076,10029396,2807.0,1072.8462611307798
1212,Portugal,2013,1052,9985074,2807.0,1053.572562406648
1213,Portugal,2014,1222,9944433,2807.0,1228.8282298246668
1214,Puerto Rico,1985,269,3082500,2963.7999999999997,872.6682887266829
1215,Puerto Rico,1986,310,3143200,2963.7999999999997,986.2560447951132
1216,Puerto Rico,1987,272,3189400,2963.7999999999997,852.8249827553772
1217,Puerto Rico,1988,314,3235600,2963.7999999999997,970.4537025590307
1218,Puerto Rico,1989,327,3283800,2963.7999999999997,995.7975516170292
1219,Puerto Rico,1990,371,3204000,2963.7999999999997,1157.9275905118602
1220,Puerto Rico,1991,355,3237200,2963.7999999999997,1096.626714444582
1221,Puerto Rico,1992,314,3287900,2963.7999999999997,955.016880075428
1222,Puerto Rico,1993,345,3312472,2963.7999999999997,1041.5182377390663
1223,Puerto Rico,1994,355,3343624,2963.7999999999997,1061.7222510665076
1224,Puerto Rico,1995,289,3375154,2963.7999999999997,856.2572255962247
1225,Puerto Rico,1996,331,3401823,2963.7999999999997,973.0077079260149
1226,Puerto Rico,1997,273,3432757,2963.7999999999997,795.2791298655861
1227,Puerto Rico,1998,321,3464834,2963.7999999999997,926.451310510114
1228,Puerto Rico,1999,289,3492721,2963.7999999999997,827.4351143420846
1229,Puerto Rico,2000,305,3511947,2963.7999999999997,868.4641311500429
1230,Puerto Rico,2001,289,3522212,2963.7999999999997,820.5071131436722
1231,Puerto Rico,2002,239,3523951,2963.7999999999997,678.2160137867978
1232,Puerto Rico,2003,262,3519026,2963.7999999999997,744.5241950471523
1233,Puerto Rico,2004,279,3511462,2963.7999999999997,794.5408493670158
1234,Puerto Rico,2005,289,3504599,2963.7999999999997,824.6307209469613
1235,Puerto Rico,2006,265,3499036,2963.7999999999997,757.3514533717288
1236,Puerto Rico,2007,271,3493631,2963.7999999999997,775.6972616741723
1237,Puerto Rico,2008,300,3488811,2963.7999999999997,859.8918084126656
1238,Puerto Rico,2009,330,3484474,2963.7999999999997,947.0582934468731
1239,Puerto Rico,2010,286,3480379,2963.7999999999997,821.7495853181506
1240,Puerto Rico,2011,258,3475298,2963.7999999999997,742.3823798707334
1241,Puerto Rico,2012,248,3472672,2963.7999999999997,714.1474921904517
1242,Puerto Rico,2013,241,3471665,2963.7999999999997,694.1914038364877
1243,Puerto Rico,2014,220,3470956,2963.7999999999997,633.8311404696573
1244,Puerto Rico,2015,226,3469521,2963.7999999999997,651.3867476230869
1245,Republic of Korea,1985,3689,36716700,2065.9,1004.7199230867698
1246,Republic of Korea,1986,3458,37540400,2065.9,921.1409574751467
1247,Republic of Korea,1987,3301,38114900,2065.9,866.0655019428098
1248,Republic of Korea,1988,2949,38700500,2065.9,762.0056588416171
1249,Republic of Korea,1989,3023,39171500,2065.9,771.7345519063605
1250,Republic of Korea,1990,3159,39589500,2065.9,797.9388474216647
1251,Republic of Korea,1991,3069,39993700,2065.9,767.3708609105934
1252,Republic of Korea,1992,3533,40371200,2065.9,875.128804692454
1253,Republic of Korea,1993,4124,40754800,2065.9,1011.9053461187393
1254,Republic of Korea,1994,4212,41145300,2065.9,1023.6892184526545
1255,Republic of Korea,1995,4841,42076400,2065.9,1150.5261857002977
1256,Republic of Korea,1996,5857,42507100,2065.9,1377.887458801
1257,Republic of Korea,1997,6024,42956100,2065.9,1402.3619462660715
1258,Republic of Korea,1998,8569,43395700,2065.9,1974.619605168254
1259,Republic of Korea,1999,7075,43817300,2065.9,1614.6590501925039
1260,Republic of Korea,2000,6444,44271743,2065.9,1455.5559739312725
1261,Republic of Korea,2001,6911,44710865,2065.9,1545.7093035440043
1262,Republic of Korea,2002,8611,45110041,2065.9,1908.8876465441474
1263,Republic of Korea,2003,10898,45455888,2065.9,2397.4891877593504
1264,Republic of Korea,2004,11492,45779970,2065.9,2510.2681369166476
1265,Republic of Korea,2005,12011,46151884,2065.9,2602.493974027149
1266,Republic of Korea,2006,10653,46513964,2065.9,2290.279968398307
1267,Republic of Korea,2007,12174,46814207,2065.9,2600.4926239592182
1268,Republic of Korea,2008,12858,47101747,2065.9,2729.8350526149275
1269,Republic of Korea,2009,15402,47380017,2065.9,3250.7375419472723
1270,Republic of Korea,2010,15558,47598615,2065.9,3268.582499721893
1271,Republic of Korea,2011,15906,47798017,2065.9,3327.753115783025
1272,Republic of Korea,2012,14159,48020985,2065.9,2948.502618178282
1273,Republic of Korea,2013,14426,48248224,2065.9,2989.9546147025017
1274,Republic of Korea,2014,13834,48465917,2065.9,2854.3770254052965
1275,Republic of Korea,2015,13510,48671752,2065.9,2775.737351718919
1276,Romania,1989,2529,21344500,2115.0,1184.8485558340556
1277,Romania,1990,2079,21401900,2115.0,971.4090805021983
1278,Romania,1991,2161,21458000,2115.0,1007.0836051822164
1279,Romania,1992,2650,21227100,2115.0,1248.4041626034646
1280,Romania,1993,2774,21307600,2115.0,1301.8828962435937
1281,Romania,1994,2887,21386000,2115.0,1349.9485644814365
1282,Romania,1995,2793,21451300,2115.0,1302.0189918559713
1283,Romania,1996,2828,21397300,2115.0,1321.662078860417
1284,Romania,1997,2859,21369000,2115.0,1337.9194159764143
1285,Romania,1998,2838,21338400,2115.0,1329.9966258013721
1286,Romania,1999,2736,21310800,2115.0,1283.856072977082
1287,Romania,2000,2836,21290400,2115.0,1332.0557622214708
1288,Romania,2001,2720,21272887,2115.0,1278.6228780324927
1289,Romania,2002,3067,20700580,2115.0,1481.6009986193624
1290,Romania,2003,2894,20656841,2115.0,1400.9886603668003
1291,Romania,2004,2720,20610767,2115.0,1319.6985827844253
1292,Romania,2005,2603,20569960,2115.0,1265.4375604036177
1293,Romania,2006,2721,20526561,2115.0,1325.5995487992361
1294,Romania,2007,2430,20475026,2115.0,1186.8116797507364
1295,Romania,2008,2472,20433803,2115.0,1209.760121500633
1296,Romania,2009,2586,20390882,2115.0,1268.2139007032654
1297,Romania,2010,2766,20348649,2115.0,1359.3040009683198
1298,Romania,2011,2536,20291701,2115.0,1249.7720127060811
1299,Romania,2012,2495,19041594,2115.0,1310.2894642118722
1300,Romania,2013,2407,19003345,2115.0,1266.6191136349942
1301,Romania,2014,2209,18952235,2115.0,1165.5617398159109
1302,Romania,2015,2228,18863927,2115.0,1181.0902364072972
1303,Romania,2016,1953,16644905,2115.0,1173.3320196180152
1304,Russian Federation,1989,37921,135443800,1901.0,2799.7590144399373
1305,Russian Federation,1990,39028,136398200,1901.0,2861.3280820421382
1306,Russian Federation,1991,39281,137283000,1901.0,2861.3156763765355
1307,Russian Federation,1992,45923,138118900,1901.0,3324.888918171228
1308,Russian Federation,1993,55846,137692800,1901.0,4055.8402472750936
1309,Russian Federation,1994,61420,138476200,1901.0,4435.419227275156
1310,Russian Federation,1995,60548,139087100,1901.0,4353.243399280019
1311,Russian Federation,1996,57511,139272600,1901.0,4129.383669149567
1312,Russian Federation,1997,54746,139283200,1901.0,3930.5530028029225
1313,Russian Federation,1998,51518,139122100,1901.0,3703.078087521681
1314,Russian Federation,1999,56974,138717800,1901.0,4107.187397724012
1315,Russian Federation,2000,56619,138205695,1901.0,4096.719748053797
1316,Russian Federation,2001,56958,137521509,1901.0,4141.7521094827425
1317,Russian Federation,2002,55024,136590900,1901.0,4028.3796358322556
1318,Russian Federation,2003,51445,137019868,1901.0,3754.564994910081
1319,Russian Federation,2004,49096,137071699,1901.0,3581.7751117245584
1320,Russian Federation,2005,45802,136162191,1901.0,3363.78253490354
1321,Russian Federation,2006,42614,135357462,1901.0,3148.2564293352366
1322,Russian Federation,2007,41149,134778964,1901.0,3053.0728816108126
1323,Russian Federation,2008,38211,134385949,1901.0,2843.3776212719977
1324,Russian Federation,2009,37408,134085433,1901.0,2789.8630867679713
1325,Russian Federation,2010,33356,134865987,1901.0,2473.2700024654846
1326,Russian Federation,2011,31038,134745874,1901.0,2303.4471541592434
1327,Russian Federation,2012,29643,134668522,1901.0,2201.182545093946
1328,Russian Federation,2013,28690,134713962,1901.0,2129.6975884355625
1329,Russian Federation,2014,26541,134713962,1901.0,1970.174405530438
1330,Russian Federation,2015,25432,137018943,1901.0,1856.0937227489776
1331,Serbia,1998,1460,7179002,2112.0,2033.7088637111399
1332,Serbia,1999,1571,7162831,2112.0,2193.266880092522
1333,Serbia,2000,1543,7149140,2112.0,2158.3015579496273
1334,Serbia,2001,1442,7142410,2112.0,2018.9263847916882
1335,Serbia,2002,1446,7138113,2112.0,2025.74545961937
1336,Serbia,2003,1378,7111975,2112.0,1937.5771146552117
1337,Serbia,2004,1345,7086364,2112.0,1898.0114484663784
1338,Serbia,2005,1437,7058982,2112.0,2035.7042984385
1339,Serbia,2006,1443,7031811,2112.0,2052.102936213729
1340,Serbia,2007,1353,7009610,2112.0,1930.2072440549475
1341,Serbia,2008,1289,6988532,2112.0,1844.4503080189086
1342,Serbia,2009,1373,6968240,2112.0,1970.3684144059332
1343,Serbia,2010,1207,6944871,2112.0,1737.9732467312929
1344,Serbia,2011,1256,6900027,2112.0,1820.28273222699
1345,Serbia,2012,1243,6867174,2112.0,1810.0604411654633
1346,Serbia,2013,1197,6832840,2112.0,1751.833790927345
1347,Serbia,2014,1134,6801810,2112.0,1667.2032885364338
1348,Serbia,2015,1062,6766406,2112.0,1569.5185893367911
1349,Singapore,1985,324,2350500,2022.4,1378.4301212507978
1350,Singapore,1986,326,2379300,2022.4,1370.1508847139914
1351,Singapore,1987,301,2407800,2022.4,1250.103829221696
1352,Singapore,1988,366,2393400,2022.4,1529.2053146151918
1353,Singapore,1989,394,2431100,2022.4,1620.6655423470856
1354,Singapore,1990,354,2511800,2022.4,1409.3478780157654
1355,Singapore,1991,296,2559300,2022.4,1156.5662485835971
1356,Singapore,1992,277,2604000,2022.4,1063.748079877112
1357,Singapore,1993,270,2655800,2022.4,1016.6428194894195
1358,Singapore,1994,316,2712200,2022.4,1165.1058181550034
1359,Singapore,1995,364,2765300,2022.4,1316.3128774454851
1360,Singapore,1996,239,2823100,2022.4,846.5870851191952
1361,Singapore,1997,303,2880000,2022.4,1052.0833333333333
1362,Singapore,1998,328,2940200,2022.4,1115.5703693626285
1363,Singapore,1999,277,2997100,2022.4,924.2267525274432
1364,Singapore,2000,309,3047600,2022.4,1013.9125869536684
1365,Singapore,2001,305,3103000,2022.4,982.9197550757332
1366,Singapore,2002,321,3165200,2022.4,1014.1539239226588
1367,Singapore,2003,320,3226200,2022.4,991.8789907631269
1368,Singapore,2004,335,3281400,2022.4,1020.905710977022
1369,Singapore,2005,359,3342400,2022.4,1074.0785064624222
1370,Singapore,2006,372,3411900,2022.4,1090.3015914886134
1371,Singapore,2007,328,3389600,2022.4,967.6658012744867
1372,Singapore,2008,319,3448900,2022.4,924.9325872017166
1373,Singapore,2009,349,3536100,2022.4,986.9630383756116
1374,Singapore,2010,296,3576800,2022.4,827.5553567434579
1375,Singapore,2011,308,3600900,2022.4,855.3417201255243
1376,Singapore,2012,392,3631600,2022.4,1079.414032382421
1377,Singapore,2013,357,3661456,2022.4,975.0219584777203
1378,Singapore,2014,355,3689370,2022.4,962.2239027259395
1379,Singapore,2015,329,3719115,2022.4,884.6190558775406
1380,Slovakia,1992,796,4909228,2040.0,1621.4362013742284
1381,Slovakia,1993,738,4935260,2040.0,1495.3619464830626
1382,Slovakia,1994,691,4974858,2040.0,1388.984369001085
1383,Slovakia,1995,735,5005232,2040.0,1468.4633998983466
1384,Slovakia,1996,672,5032436,2040.0,1335.3373992237557
1385,Slovakia,1997,630,5058389,2040.0,1245.455816071085
1386,Slovakia,1998,673,5081100,2040.0,1324.51634488595
1387,Slovakia,1999,692,5098200,2040.0,1357.3418069122438
1388,Slovakia,2000,729,5111813,2040.0,1426.108505925393
1389,Slovakia,2001,692,5100256,2040.0,1356.7946393279083
1390,Slovakia,2002,717,5107584,2040.0,1403.7948274565822
1391,Slovakia,2003,753,5113982,2040.0,1472.4338098960848
1392,Slovakia,2004,676,5121210,2040.0,1320.0005467457888
1393,Slovakia,2005,679,5126946,2040.0,1324.3751738364322
1394,Slovakia,2006,0,5129369,2040.0,0.0
1395,Slovakia,2007,0,5132660,2040.0,0.0
1396,Slovakia,2008,591,5137067,2040.0,1150.4619270101014
1397,Slovakia,2009,601,5141744,2040.0,1168.8641052530038
1398,Slovakia,2010,631,5147562,2040.0,1225.823020684355
1399,Slovakia,2012,571,5116922,2040.0,1115.9052258369388
1400,Slovakia,2013,616,5122209,2040.0,1202.606141217588
1401,Slovakia,2014,554,5129686,2040.0,1079.9881318271723
1402,Slovenia,1995,564,1884000,1975.0,2993.6305732484075
1403,Slovenia,1996,607,1893100,1975.0,3206.381068089377
1404,Slovenia,1997,593,1883900,1975.0,3147.7254631349865
1405,Slovenia,1998,612,1880300,1975.0,3254.799765994788
1406,Slovenia,1999,590,1884400,1975.0,3130.970070048822
1407,Slovenia,2000,588,1886483,1975.0,3116.9112046066675
1408,Slovenia,2001,581,1901330,1975.0,3055.755707846613
1409,Slovenia,2002,540,1906124,1975.0,2832.9741401923484
1410,Slovenia,2003,562,1907589,1975.0,2946.127284231561
1411,Slovenia,2004,512,1907862,1975.0,2683.632254324474
1412,Slovenia,2005,503,1911817,1975.0,2631.004954972155
1413,Slovenia,2006,529,1918570,1975.0,2757.2619190334467
1414,Slovenia,2007,434,1927332,1975.0,2251.8175384417423
1415,Slovenia,2008,408,1943758,1975.0,2099.0267306938417
1416,Slovenia,2009,447,1942037,1975.0,2301.706919075177
1417,Slovenia,2010,414,1944774,1975.0,2128.7820589950297
1418,Slovenia,2011,435,1944561,1975.0,2237.0087644460623
1419,Slovenia,2012,440,1945988,1975.0,2261.0622470436615
1420,Slovenia,2013,446,1948276,1975.0,2289.203377755513
1421,Slovenia,2014,388,1951786,1975.0,1987.9228562967455
1422,Slovenia,2015,422,1954632,1975.0,2158.974170073958
1423,South Africa,1996,143,37773652,3220.6,37.85707561450506
1424,South Africa,1997,104,38528157,3220.6,26.9932454853732
1425,South Africa,1998,180,39232468,3220.6,45.88036623135715
1426,South Africa,1999,279,39907560,3220.6,69.9115656281667
1427,South Africa,2000,267,40568559,3220.6,65.8145141413576
1428,South Africa,2001,384,41185599,3220.6,93.23647326338511
1429,South Africa,2002,236,41803868,3220.6,56.454106112860174
1430,South Africa,2003,256,42415309,3220.6,60.355566430035914
1431,South Africa,2004,383,43005874,3220.6,89.05760175923875
1432,South Africa,2005,458,43566107,3220.6,105.12759379670992
1433,South Africa,2006,514,44079057,3220.6,116.60866519898555
1434,South Africa,2007,417,44577435,3220.6,93.54508620785383
1435,South Africa,2008,441,43680586,3220.6,100.96018400485745
1436,South Africa,2009,372,45607048,3220.6,81.56634036037588
1437,South Africa,2010,393,46176200,3220.6,85.10877898138001
1438,South Africa,2011,358,46806739,3220.6,76.4847130239088
1439,South Africa,2012,487,47484256,3220.6,102.5603096740107
1440,South Africa,2013,587,48192699,3220.6,121.80268218636189
1441,South Africa,2014,580,48912129,3220.6,118.57999474935961
1442,South Africa,2015,482,49627460,3220.6,97.12364888309818
1443,Spain,1985,2514,35997000,2766.0,698.3915326277189
1444,Spain,1986,2755,36223000,2766.0,760.5664909035696
1445,Spain,1987,2804,36425700,2766.0,769.7861674586898
1446,Spain,1988,2960,36597300,2766.0,808.8028351818305
1447,Spain,1989,2987,36740400,2766.0,813.001491546091
1448,Spain,1990,2939,36861400,2766.0,797.3110082633867
1449,Spain,1991,2916,36958100,2766.0,789.0015991081793
1450,Spain,1992,2786,37000900,2766.0,752.9546578596736
1451,Spain,1993,3037,37122100,2766.0,818.1110443644081
1452,Spain,1994,3171,37203100,2766.0,852.3483258115588
1453,Spain,1995,3157,37275300,2766.0,846.9415403766031
1454,Spain,1996,3320,37341200,2766.0,889.0983685580538
1455,Spain,1997,3373,37405000,2766.0,901.7511027937442
1456,Spain,1998,3261,37458900,2766.0,870.5541273235466
1457,Spain,1999,3220,37789271,2766.0,852.0937067031539
1458,Spain,2000,3394,38319996,2766.0,885.6994661481698
1459,Spain,2001,3189,38713504,2766.0,823.7435702022734
1460,Spain,2002,3372,39340611,2766.0,857.1295448359965
1461,Spain,2003,3478,39947556,2766.0,870.6414980681171
1462,Spain,2004,3508,40555823,2766.0,864.9805972375409
1463,Spain,2005,3399,41195479,2766.0,825.0905396682001
1464,Spain,2006,3247,41808848,2766.0,776.6298655251156
1465,Spain,2007,3264,42547327,2766.0,767.1457245716048
1466,Spain,2008,3457,43199484,2766.0,800.2410399161249
1467,Spain,2009,3429,43490086,2766.0,788.4555574344001
1468,Spain,2010,3158,43595356,2766.0,724.3890840116089
1469,Spain,2011,3180,43642571,2766.0,728.6463485389072
1470,Spain,2012,3539,44318859,2766.0,798.5313881839783
1471,Spain,2013,3873,44227625,2766.0,875.6970332456242
1472,Spain,2014,3911,44172771,2766.0,885.387063446846
1473,Spain,2015,3604,44186528,2766.0,815.6332174367717
1474,Sweden,1987,1541,7909000,1821.0,1948.4132001517257
1475,Sweden,1988,1590,7930900,1821.0,2004.816603411971
1476,Sweden,1989,1579,7964800,1821.0,1982.4728806749697
1477,Sweden,1990,1471,8005700,1821.0,1837.440823413318
1478,Sweden,1991,1483,8041100,1821.0,1844.2750369974258
1479,Sweden,1992,1355,8073200,1821.0,1678.3927067333896
1480,Sweden,1993,1373,8112500,1821.0,1692.4499229583976
1481,Sweden,1994,1324,8174100,1821.0,1619.750186564882
1482,Sweden,1995,1348,8233000,1821.0,1637.3132515486457
1483,Sweden,1996,1253,8274300,1821.0,1514.327495981533
1484,Sweden,1997,1201,8311300,1821.0,1445.0206345577708
1485,Sweden,1998,1231,8346300,1821.0,1474.9050477457076
1486,Sweden,1999,1220,8378013,1821.0,1456.192536344835
1487,Sweden,2000,1131,8409008,1821.0,1344.9862338102187
1488,Sweden,2001,1197,8439317,1821.0,1418.361225203414
1489,Sweden,2002,1180,8465828,1821.0,1393.8388542739115
1490,Sweden,2003,1112,8490539,1821.0,1309.6930595336764
1491,Sweden,2004,1155,8514314,1821.0,1356.539117537831
1492,Sweden,2005,1219,8538624,1821.0,1427.6304940936618
1493,Sweden,2006,1197,8576044,1821.0,1395.7484359921662
1494,Sweden,2007,1126,8629159,1821.0,1304.8780304082936
1495,Sweden,2008,1170,8688504,1821.0,1346.6069647893355
1496,Sweden,2009,1242,8755922,1821.0,1418.468551912637
1497,Sweden,2010,1141,8823125,1821.0,1293.192604661047
1498,Sweden,2011,1112,8884644,1821.0,1251.597700481865
1499,Sweden,2012,1154,8948909,1821.0,1289.5426693913191
1500,Sweden,2013,1230,9024081,1821.0,1363.0196803419649
1501,Sweden,2014,1148,9114524,1821.0,1259.5281991687114
1502,Sweden,2015,1182,9114524,1821.0,1296.8312991440912
1503,Sweden,2016,1130,8125852,1821.0,1390.6234078592618
1504,Switzerland,1995,1419,6617500,1566.0,2144.3143180959573
1505,Switzerland,1996,1432,6652200,1566.0,2152.671296713869
1506,Switzerland,1997,1341,6675200,1566.0,2008.9285714285713
1507,Switzerland,1998,1371,6725167,1566.0,2038.6110857916244
1508,Switzerland,1999,1296,6764328,1566.0,1915.9331126462232
1509,Switzerland,2000,1380,6809589,1566.0,2026.5540255072663
1510,Switzerland,2001,1338,6865842,1566.0,1948.7777318499318
1511,Switzerland,2002,1446,6942010,1566.0,2082.9702060354275
1512,Switzerland,2003,1269,6969293,1566.0,1820.8446681750934
1513,Switzerland,2004,1284,7023166,1566.0,1828.2353001481097
1514,Switzerland,2005,1299,7071991,1566.0,1836.8236045549265
1515,Switzerland,2006,1309,7118477,1566.0,1838.8764900132428
1516,Switzerland,2007,1360,7183595,1566.0,1893.2024981920613
1517,Switzerland,2008,1314,7274875,1566.0,1806.2166016598223
1518,Switzerland,2009,1105,7364558,1566.0,1500.4294894547643
1519,Switzerland,2010,1006,7439147,1566.0,1352.3055801962241
1520,Switzerland,2011,1034,7518040,1566.0,1375.3584710908694
1521,Switzerland,2012,1038,7595591,1566.0,1366.582271214972
1522,Switzerland,2013,1071,7681318,1566.0,1394.2919691646669
1523,Switzerland,2014,1032,7809621,1566.0,1321.4469690654641
1524,Switzerland,2015,1073,7892502,1566.0,1359.5181857413531
1525,Thailand,1985,2982,46303443,2623.7999999999997,644.0125845501382
1526,Thailand,1986,2798,47331465,2623.7999999999997,591.1500943399914
1527,Thailand,1987,3035,48376410,2623.7999999999997,627.3718946899946
1528,Thailand,1990,3753,51228668,2623.7999999999997,732.5976150697496
1529,Thailand,1991,3559,51947693,2623.7999999999997,685.1122339542585
1530,Thailand,1992,3550,52570440,2623.7999999999997,675.2844374138774
1531,Thailand,1994,2307,52691000,2623.7999999999997,437.8356835133134
1532,Thailand,1995,4245,54366057,2623.7999999999997,780.8180755135506
1533,Thailand,1996,4443,55070703,2623.7999999999997,806.7810574344765
1534,Thailand,1997,4150,55859088,2623.7999999999997,742.9408800945695
1535,Thailand,1998,4963,56691783,2623.7999999999997,875.4355106453435
1536,Thailand,1999,5276,57507860,2623.7999999999997,917.4398073585072
1537,Thailand,2000,5182,58262135,2623.7999999999997,889.4284426755045
1538,Thailand,2002,4902,58263389,2623.7999999999997,841.3516762644891
1539,Thailand,2003,4484,60158951,2623.7999999999997,745.3587413783197
1540,Thailand,2004,4296,60686373,2623.7999999999997,707.901920584379
1541,Thailand,2005,3937,61182665,2623.7999999999997,643.4829211836393
1542,Thailand,2006,3608,61636512,2623.7999999999997,585.3673225376543
1543,Thailand,2007,3754,58941621,2623.7999999999997,636.9013841679041
1544,Thailand,2008,3778,59216773,2623.7999999999997,637.994914042344
1545,Thailand,2009,3787,59483718,2623.7999999999997,636.6448042134824
1546,Thailand,2010,3761,59769764,2623.7999999999997,629.2479254226267
1547,Thailand,2011,3873,60261832,2623.7999999999997,642.6953631280244
1548,Thailand,2012,3985,60382255,2623.7999999999997,659.962103104629
1549,Thailand,2013,3961,60766487,2623.7999999999997,651.8395575508586
1550,Thailand,2014,3952,61139919,2623.7999999999997,646.386201460293
1551,Thailand,2015,4205,61261276,2623.7999999999997,686.4042466239196
1552,Thailand,2016,4117,53442001,2623.7999999999997,770.3678610387361
1553,Turkey,2009,1050,65962419,2449.6000000000004,159.18154851173665
1554,Turkey,2010,1524,66975131,2449.6000000000004,227.54714731353042
1555,Turkey,2011,1148,68034357,2449.6000000000004,168.73827439862478
1556,Turkey,2012,1450,68976439,2449.6000000000004,210.21670892578263
1557,Turkey,2013,1810,69880352,2449.6000000000004,259.0141503580291
1558,Turkey,2014,1617,70931420,2449.6000000000004,227.9666754169027
1559,Turkey,2015,1532,71880464,2449.6000000000004,213.1316236355959
1560,Ukraine,1987,10050,47374200,1955.0,2121.407854908368
1561,Ukraine,1988,9751,47549900,1955.0,2050.6878037598394
1562,Ukraine,1989,10887,47761700,1955.0,2279.441477166851
1563,Ukraine,1990,10645,47971600,1955.0,2219.021254242093
1564,Ukraine,1991,10700,48200600,1955.0,2219.889378970386
1565,Ukraine,1992,11666,48487300,1955.0,2405.990847087794
1566,Ukraine,1993,12469,48680500,1955.0,2561.3952198518914
1567,Ukraine,1994,13826,48619000,1955.0,2843.7442152245007
1568,Ukraine,1995,14541,48415300,1955.0,3003.389424417488
1569,Ukraine,1996,15160,48174500,1955.0,3146.8930658335844
1570,Ukraine,1997,14903,47923000,1955.0,3109.780272520502
1571,Ukraine,1998,14789,47675400,1955.0,3102.0190706318144
1572,Ukraine,1999,14363,47415400,1955.0,3029.184610907005
1573,Ukraine,2000,14467,47125400,1955.0,3069.8943669443656
1574,Ukraine,2001,13131,46805969,1955.0,2805.4114209236864
1575,Ukraine,2002,12536,46060017,1955.0,2721.6663858374172
1576,Ukraine,2003,12313,45697383,1955.0,2694.4650200209494
1577,Ukraine,2004,11256,45322826,1955.0,2483.5168045346513
1578,Ukraine,2005,10621,44939270,1955.0,2363.411777716906
1579,Ukraine,2006,10013,44560034,1955.0,2247.080870719264
1580,Ukraine,2007,10032,44198672,1955.0,2269.7514531658326
1581,Ukraine,2008,9454,43856123,1955.0,2155.6853076137168
1582,Ukraine,2009,9715,43557944,1955.0,2230.362388087004
1583,Ukraine,2010,9089,43296809,1955.0,2099.2309156085844
1584,Ukraine,2011,8973,43074791,1955.0,2083.120960470824
1585,Ukraine,2012,9058,42915935,1955.0,2110.6379250504506
1586,Ukraine,2014,7968,40464165,1955.0,1969.1497402701875
1587,Ukraine,2015,7574,40345446,1955.0,1877.2874638689082
1588,United Arab Emirates,2005,96,4280433,3508.7,224.27637577787104
1589,United Arab Emirates,2006,90,4923879,3508.7,182.78272069642654
1590,United Arab Emirates,2007,101,5695389,3508.7,177.3364383012293
1591,United Arab Emirates,2008,100,6510358,3508.7,153.6013841327927
1592,United Arab Emirates,2009,124,7252480,3508.7,170.97599717613835
1593,United Arab Emirates,2010,111,7839736,3508.7,141.58640035837942
1594,United Kingdom,1985,5105,53006535,1635.0,963.0887965040537
1595,United Kingdom,1986,4839,53119533,1635.0,910.9643339673186
1596,United Kingdom,1987,4594,53239668,1635.0,862.8904297449789
1597,United Kingdom,1988,4971,53310780,1635.0,932.4568126746598
1598,United Kingdom,1989,4361,53425129,1635.0,816.2825400009797
1599,United Kingdom,1990,4643,53557854,1635.0,866.9130021527749
1600,United Kingdom,1991,4547,53903427,1635.0,843.5456246594489
1601,United Kingdom,1992,4628,54076358,1635.0,855.8268661510082
1602,United Kingdom,1993,4462,54283982,1635.0,821.9735980311834
1603,United Kingdom,1994,4380,54497293,1635.0,803.7096448074952
1604,United Kingdom,1995,4315,54746964,1635.0,788.1715596137897
1605,United Kingdom,1996,4165,55012207,1635.0,757.104691327872
1606,United Kingdom,1997,4143,55266635,1635.0,749.6385477422318
1607,United Kingdom,1998,4389,55527379,1635.0,790.4208840831475
1608,United Kingdom,1999,4448,55833339,1635.0,796.6566355632071
1609,United Kingdom,2000,4290,56133909,1635.0,764.24394388782
1610,United Kingdom,2001,4128,55571993,1635.0,742.8202188105797
1611,United Kingdom,2002,4117,55908944,1635.0,736.3759186723327
1612,United Kingdom,2003,3979,56171771,1635.0,708.3629248577547
1613,United Kingdom,2004,4183,56455011,1635.0,740.9439704121216
1614,United Kingdom,2005,4047,56809024,1635.0,712.3868207980479
1615,United Kingdom,2006,4122,57091129,1635.0,722.0035883333118
1616,United Kingdom,2007,3897,57382757,1635.0,679.123869910956
1617,United Kingdom,2008,4259,57683372,1635.0,738.3410248624162
1618,United Kingdom,2009,4246,58013559,1635.0,731.8978654627964
1619,United Kingdom,2010,4188,58403529,1635.0,717.0799559047194
1620,United Kingdom,2011,4393,58881852,1635.0,746.0702832512809
1621,United Kingdom,2012,4444,59708630,1635.0,744.281019343435
1622,United Kingdom,2013,4824,60091793,1635.0,802.7718527220516
1623,United Kingdom,2014,4788,60570482,1635.0,790.4840512908581
1624,United Kingdom,2015,4910,61082942,1635.0,803.8250678888388
1625,United States,1985,29446,220723000,2527.7,1334.0703053148063
1626,United States,1986,30892,222953000,2527.7,1385.583508631864
1627,United States,1987,30783,225148000,2527.7,1367.2339971929575
1628,United States,1988,30388,227353000,2527.7,1336.59991291076
1629,United States,1989,30218,229487000,2527.7,1316.7630410437193
1630,United States,1990,30895,229952200,2527.7,1343.5400922452577
1631,United States,1991,30790,232955000,2527.7,1321.714494215621
1632,United States,1992,30471,235565600,2527.7,1293.5250308194406
1633,United States,1993,31084,238092300,2527.7,1305.5441104143224
1634,United States,1994,31123,240614100,2527.7,1293.4819696767563
1635,United States,1995,31272,243164200,2527.7,1286.0445739956788
1636,United States,1996,30879,245997800,2527.7,1255.2551282978955
1637,United States,1997,30517,248486400,2527.7,1228.115502498326
1638,United States,1998,30558,251332500,2527.7,1215.839575064904
1639,United States,1999,29183,253748671,2527.7,1150.0749889641786
1640,United States,2000,29343,262246108,2527.7,1118.9107904701489
1641,United States,2001,30607,265427546,2527.7,1153.120708880758
1642,United States,2002,31645,268759559,2527.7,1177.4464922380678
1643,United States,2003,31477,271041510,2527.7,1161.335029457296
1644,United States,2004,32428,273584136,2527.7,1185.3026448872752
1645,United States,2005,32629,276106680,2527.7,1181.753371559138
1646,United States,2006,33292,278980848,2527.7,1193.3435660070832
1647,United States,2007,34596,280658606,2527.7,1232.6719815604015
1648,United States,2008,36030,282355565,2527.7,1276.050642033565
1649,United States,2009,36900,285162662,2527.7,1293.9983005208446
1650,United States,2010,38362,287839149,2527.7,1332.758248253437
1651,United States,2011,39508,290313825,2527.7,1360.8721527471178
1652,United States,2012,40596,292827128,2527.7,1386.3469644110294
1653,United States,2013,41143,295322862,2527.7,1393.153233087657
1654,United States,2014,42769,297749735,2527.7,1436.407659607153
1655,United States,2015,44189,300078511,2527.7,1472.581287235193
1656,Uruguay,1985,287,2737400,2481.4,1048.440125666691
1657,Uruguay,1986,262,2757600,2481.4,950.1015375689004
1658,Uruguay,1987,258,2778900,2481.4,928.4249163338011
1659,Uruguay,1988,268,2799600,2481.4,957.2796113730532
1660,Uruguay,1989,344,2820700,2481.4,1219.5554295033148
1661,Uruguay,1990,315,2834000,2481.4,1111.5031757233592
1662,Uruguay,1993,418,2896228,2481.4,1443.2565391951184
1663,Uruguay,1994,406,2920296,2481.4,1390.2700274218778
1664,Uruguay,1995,427,2943816,2481.4,1450.4982648372045
1665,Uruguay,1996,393,2967278,2481.4,1324.446175922849
1666,Uruguay,1997,456,2991662,2481.4,1524.2363609257998
1667,Uruguay,1998,521,3014887,2481.4,1728.091301597705
1668,Uruguay,1999,450,3034833,2481.4,1482.7834019203035
1669,Uruguay,2000,555,3050169,2481.4,1819.5713089995995
1670,Uruguay,2001,499,3061024,2481.4,1630.1734321586503
1671,Uruguay,2002,675,3065257,2481.4,2202.0992040797883
1672,Uruguay,2003,535,3065772,2481.4,1745.0743238570903
1673,Uruguay,2004,520,3066489,2481.4,1695.7504168448022
1674,Uruguay,2005,498,3070178,2481.4,1622.0557895991697
1675,Uruguay,2006,528,3077445,2481.4,1715.708972865478
1676,Uruguay,2007,576,3087957,2481.4,1865.3109483065987
1677,Uruguay,2008,523,3100791,2481.4,1686.6664022180146
1678,Uruguay,2009,511,3114306,2481.4,1640.81500019587
1679,Uruguay,2010,547,3127306,2481.4,1749.1092972673605
1680,Uruguay,2012,599,3151939,2481.4,1900.4174890440456
1681,Uruguay,2013,546,3164670,2481.4,1725.2983723421398
1682,Uruguay,2014,591,3177645,2481.4,1859.8679210547434
1683,Uruguay,2015,630,3190795,2481.4,1974.4295700601263
1684,Uzbekistan,1990,1459,17165700,2823.9,849.9507739270756
1685,Uzbekistan,1991,1393,17347800,2823.9,802.9836636345818
1686,Uzbekistan,1992,1344,18257000,2823.9,736.155994960837
1687,Uzbekistan,1993,1355,18509300,2823.9,732.0644216691069
1688,Uzbekistan,1994,1419,19144700,2823.9,741.1973026477302
1689,Uzbekistan,1995,1485,19599000,2823.9,757.6917189652534
1690,Uzbekistan,1996,1699,19854500,2823.9,855.7254023017452
1691,Uzbekistan,1997,1554,20364300,2823.9,763.1001311117985
1692,Uzbekistan,1998,1620,20861200,2823.9,776.5612716430502
1693,Uzbekistan,1999,1795,21329916,2823.9,841.541054357645
1694,Uzbekistan,2000,1919,21789067,2823.9,880.7169210136441
1695,Uzbekistan,2001,1914,22231527,2823.9,860.9395117123534
1696,Uzbekistan,2002,1576,22632256,2823.9,696.3512607846076
1697,Uzbekistan,2003,1416,22982883,2823.9,616.1106942066407
1698,Uzbekistan,2004,1251,23300841,2823.9,536.8904924933825
1699,Uzbekistan,2005,1221,23600347,2823.9,517.3652743326189
1700,Uzbekistan,2009,1399,25288102,2823.9,553.2245955034506
1701,Uzbekistan,2010,1464,25651783,2823.9,570.7205616077448
1702,Uzbekistan,2011,1640,25978049,2823.9,631.3022198087316
1703,Uzbekistan,2012,1835,26381830,2823.9,695.5544782147409
1704,Uzbekistan,2013,1950,26838924,2823.9,726.556698025599
1705,Uzbekistan,2014,2095,27313507,2823.9,767.0197752342824
